case_id,source_lang,target_lang,domain,length_bucket,source,reference,required_terms,provenance
V2_VI_EN_001,vi,en,operations,medium,Đơn hàng 2 sẽ được giao đến Đà Nẵng vào thứ Tư.,Order 2 will be delivered to Đà Nẵng on thứ Tư.,2 | Đà Nẵng | thứ Tư,deterministic_template_v2
V2_VI_EN_002,vi,en,business,medium,Cuộc họp kỹ thuật bắt đầu lúc 15:00 tại phòng D410.,The technical meeting starts at 15:00 in room D410.,15:00 | D410,deterministic_template_v2
V2_VI_EN_003,vi,en,technology,medium,Vui lòng sao lưu máy chủ trước khi cập nhật hệ thống.,Please back up server before updating the system.,system,deterministic_template_v2
V2_VI_EN_004,vi,en,security,medium,Tài khoản Minh bị khóa sau 8 lần đăng nhập sai.,The account for Minh was locked after 8 failed login attempts.,Minh | 8,deterministic_template_v2
V2_VI_EN_005,vi,en,travel,medium,Chuyến bay đến Hải Phòng khởi hành lúc 09:15 vào thứ Ba.,The flight to Hải Phòng departs at 09:15 on thứ Ba.,Hải Phòng | 09:15,deterministic_template_v2
V2_VI_EN_006,vi,en,healthcare,short,Bệnh nhân cần uống 17 viên thuốc sau bữa ăn.,The patient needs to take 17 tablets after the meal.,17,deterministic_template_v2
V2_VI_EN_007,vi,en,education,short,Sinh viên phải nộp bài trước 13:45 ngày thứ Sáu.,Students must submit the assignment before 13:45 on thứ Sáu.,13:45 | thứ Sáu,deterministic_template_v2
V2_VI_EN_008,vi,en,finance,medium,Hóa đơn 25 có tổng giá trị là 350.75 đô la.,Invoice 25 has a total value of 350.75 dollars.,25 | 350.75,deterministic_template_v2
V2_VI_EN_009,vi,en,support,medium,"Nếu mất kết nối, ứng dụng sẽ thử lại sau 30 giây.","If the connection is lost, the application will retry after 30 seconds.",30,deterministic_template_v2
V2_VI_EN_010,vi,en,translation,short,Bản dịch phải giữ nguyên tên An và mã WS-410.,The translation must preserve the name An and code WS-410.,An | WS-410,deterministic_template_v2
V2_VI_EN_011,vi,en,operations,medium,Đơn hàng 56 sẽ được giao đến Đà Nẵng vào thứ Năm.,Order 56 will be delivered to Đà Nẵng on thứ Năm.,56 | Đà Nẵng | thứ Năm,deterministic_template_v2
V2_VI_EN_012,vi,en,business,medium,Cuộc họp kỹ thuật bắt đầu lúc 10:30 tại phòng D410.,The technical meeting starts at 10:30 in room D410.,10:30 | D410,deterministic_template_v2
V2_VI_EN_013,vi,en,technology,medium,Vui lòng sao lưu máy chủ trước khi cập nhật hệ thống.,Please back up server before updating the system.,system,deterministic_template_v2
V2_VI_EN_014,vi,en,security,medium,Tài khoản Minh bị khóa sau 2 lần đăng nhập sai.,The account for Minh was locked after 2 failed login attempts.,Minh | 2,deterministic_template_v2
V2_VI_EN_015,vi,en,travel,medium,Chuyến bay đến Hải Phòng khởi hành lúc 17:20 vào thứ Tư.,The flight to Hải Phòng departs at 17:20 on thứ Tư.,Hải Phòng | 17:20,deterministic_template_v2
V2_VI_EN_016,vi,en,healthcare,short,Bệnh nhân cần uống 5 viên thuốc sau bữa ăn.,The patient needs to take 5 tablets after the meal.,5,deterministic_template_v2
V2_VI_EN_017,vi,en,education,medium,Sinh viên phải nộp bài trước 09:15 ngày ngày 15 tháng 9.,Students must submit the assignment before 09:15 on ngày 15 tháng 9.,09:15 | ngày 15 tháng 9,deterministic_template_v2
V2_VI_EN_018,vi,en,finance,medium,Hóa đơn 12 có tổng giá trị là 350.75 đô la.,Invoice 12 has a total value of 350.75 dollars.,12 | 350.75,deterministic_template_v2
V2_VI_EN_019,vi,en,support,medium,"Nếu mất kết nối, ứng dụng sẽ thử lại sau 17 giây.","If the connection is lost, the application will retry after 17 seconds.",17,deterministic_template_v2
V2_VI_EN_020,vi,en,translation,short,Bản dịch phải giữ nguyên tên An và mã WS-410.,The translation must preserve the name An and code WS-410.,An | WS-410,deterministic_template_v2
V2_VI_EN_021,vi,en,operations,medium,Đơn hàng 25 sẽ được giao đến Đà Nẵng vào thứ Sáu.,Order 25 will be delivered to Đà Nẵng on thứ Sáu.,25 | Đà Nẵng | thứ Sáu,deterministic_template_v2
V2_VI_EN_022,vi,en,business,medium,Cuộc họp kỹ thuật bắt đầu lúc 08:00 tại phòng D410.,The technical meeting starts at 08:00 in room D410.,08:00 | D410,deterministic_template_v2
V2_VI_EN_023,vi,en,technology,medium,Vui lòng sao lưu máy chủ trước khi cập nhật hệ thống.,Please back up server before updating the system.,system,deterministic_template_v2
V2_VI_EN_024,vi,en,security,medium,Tài khoản Minh bị khóa sau 56 lần đăng nhập sai.,The account for Minh was locked after 56 failed login attempts.,Minh | 56,deterministic_template_v2
V2_VI_EN_025,vi,en,travel,medium,Chuyến bay đến Hải Phòng khởi hành lúc 13:45 vào thứ Năm.,The flight to Hải Phòng departs at 13:45 on thứ Năm.,Hải Phòng | 13:45,deterministic_template_v2
V2_VI_EN_026,vi,en,healthcare,short,Bệnh nhân cần uống 75 viên thuốc sau bữa ăn.,The patient needs to take 75 tablets after the meal.,75,deterministic_template_v2
V2_VI_EN_027,vi,en,education,medium,Sinh viên phải nộp bài trước 17:20 ngày ngày 24 tháng 9.,Students must submit the assignment before 17:20 on ngày 24 tháng 9.,17:20 | ngày 24 tháng 9,deterministic_template_v2
V2_VI_EN_028,vi,en,finance,medium,Hóa đơn 3 có tổng giá trị là 350.75 đô la.,Invoice 3 has a total value of 350.75 dollars.,3 | 350.75,deterministic_template_v2
V2_VI_EN_029,vi,en,support,medium,"Nếu mất kết nối, ứng dụng sẽ thử lại sau 5 giây.","If the connection is lost, the application will retry after 5 seconds.",5,deterministic_template_v2
V2_VI_EN_030,vi,en,translation,short,Bản dịch phải giữ nguyên tên An và mã WS-410.,The translation must preserve the name An and code WS-410.,An | WS-410,deterministic_template_v2
V2_VI_EN_031,vi,en,operations,medium,Đơn hàng 12 sẽ được giao đến Đà Nẵng vào ngày 15 tháng 9.,Order 12 will be delivered to Đà Nẵng on ngày 15 tháng 9.,12 | Đà Nẵng | ngày 15 tháng 9,deterministic_template_v2
V2_VI_EN_032,vi,en,business,medium,Cuộc họp kỹ thuật bắt đầu lúc 15:00 tại phòng D410.,The technical meeting starts at 15:00 in room D410.,15:00 | D410,deterministic_template_v2
V2_VI_EN_033,vi,en,technology,medium,Vui lòng sao lưu máy chủ trước khi cập nhật hệ thống.,Please back up server before updating the system.,system,deterministic_template_v2
V2_VI_EN_034,vi,en,security,medium,Tài khoản Minh bị khóa sau 25 lần đăng nhập sai.,The account for Minh was locked after 25 failed login attempts.,Minh | 25,deterministic_template_v2
V2_VI_EN_035,vi,en,travel,medium,Chuyến bay đến Hải Phòng khởi hành lúc 09:15 vào thứ Sáu.,The flight to Hải Phòng departs at 09:15 on thứ Sáu.,Hải Phòng | 09:15,deterministic_template_v2
V2_VI_EN_036,vi,en,healthcare,short,Bệnh nhân cần uống 42 viên thuốc sau bữa ăn.,The patient needs to take 42 tablets after the meal.,42,deterministic_template_v2
V2_VI_EN_037,vi,en,education,short,Sinh viên phải nộp bài trước 13:45 ngày thứ Hai.,Students must submit the assignment before 13:45 on thứ Hai.,13:45 | thứ Hai,deterministic_template_v2
V2_VI_EN_038,vi,en,finance,medium,Hóa đơn 64 có tổng giá trị là 350.75 đô la.,Invoice 64 has a total value of 350.75 dollars.,64 | 350.75,deterministic_template_v2
V2_VI_EN_039,vi,en,support,medium,"Nếu mất kết nối, ứng dụng sẽ thử lại sau 75 giây.","If the connection is lost, the application will retry after 75 seconds.",75,deterministic_template_v2
V2_VI_EN_040,vi,en,translation,short,Bản dịch phải giữ nguyên tên An và mã WS-410.,The translation must preserve the name An and code WS-410.,An | WS-410,deterministic_template_v2
V2_VI_EN_041,vi,en,operations,medium,Đơn hàng 3 sẽ được giao đến Đà Nẵng vào ngày 24 tháng 9.,Order 3 will be delivered to Đà Nẵng on ngày 24 tháng 9.,3 | Đà Nẵng | ngày 24 tháng 9,deterministic_template_v2
V2_VI_EN_042,vi,en,business,medium,Cuộc họp kỹ thuật bắt đầu lúc 10:30 tại phòng D410.,The technical meeting starts at 10:30 in room D410.,10:30 | D410,deterministic_template_v2
V2_VI_EN_043,vi,en,technology,medium,Vui lòng sao lưu máy chủ trước khi cập nhật hệ thống.,Please back up server before updating the system.,system,deterministic_template_v2
V2_VI_EN_044,vi,en,security,medium,Tài khoản Minh bị khóa sau 12 lần đăng nhập sai.,The account for Minh was locked after 12 failed login attempts.,Minh | 12,deterministic_template_v2
V2_VI_EN_045,vi,en,travel,medium,Chuyến bay đến Hải Phòng khởi hành lúc 17:20 vào ngày 15 tháng 9.,The flight to Hải Phòng departs at 17:20 on ngày 15 tháng 9.,Hải Phòng | 17:20,deterministic_template_v2
V2_VI_EN_046,vi,en,healthcare,short,Bệnh nhân cần uống 21 viên thuốc sau bữa ăn.,The patient needs to take 21 tablets after the meal.,21,deterministic_template_v2
V2_VI_EN_047,vi,en,education,short,Sinh viên phải nộp bài trước 09:15 ngày thứ Ba.,Students must submit the assignment before 09:15 on thứ Ba.,09:15 | thứ Ba,deterministic_template_v2
V2_VI_EN_048,vi,en,finance,medium,Hóa đơn 30 có tổng giá trị là 350.75 đô la.,Invoice 30 has a total value of 350.75 dollars.,30 | 350.75,deterministic_template_v2
V2_VI_EN_049,vi,en,support,medium,"Nếu mất kết nối, ứng dụng sẽ thử lại sau 42 giây.","If the connection is lost, the application will retry after 42 seconds.",42,deterministic_template_v2
V2_VI_EN_050,vi,en,translation,short,Bản dịch phải giữ nguyên tên An và mã WS-410.,The translation must preserve the name An and code WS-410.,An | WS-410,deterministic_template_v2
V2_VI_EN_051,vi,en,operations,medium,Đơn hàng 64 sẽ được giao đến Đà Nẵng vào thứ Hai.,Order 64 will be delivered to Đà Nẵng on thứ Hai.,64 | Đà Nẵng | thứ Hai,deterministic_template_v2
V2_VI_EN_052,vi,en,business,medium,Cuộc họp kỹ thuật bắt đầu lúc 08:00 tại phòng D410.,The technical meeting starts at 08:00 in room D410.,08:00 | D410,deterministic_template_v2
V2_VI_EN_053,vi,en,technology,medium,Vui lòng sao lưu máy chủ trước khi cập nhật hệ thống.,Please back up server before updating the system.,system,deterministic_template_v2
V2_VI_EN_054,vi,en,security,medium,Tài khoản Minh bị khóa sau 3 lần đăng nhập sai.,The account for Minh was locked after 3 failed login attempts.,Minh | 3,deterministic_template_v2
V2_VI_EN_055,vi,en,travel,medium,Chuyến bay đến Hải Phòng khởi hành lúc 13:45 vào ngày 24 tháng 9.,The flight to Hải Phòng departs at 13:45 on ngày 24 tháng 9.,Hải Phòng | 13:45,deterministic_template_v2
V2_VI_EN_056,vi,en,healthcare,short,Bệnh nhân cần uống 8 viên thuốc sau bữa ăn.,The patient needs to take 8 tablets after the meal.,8,deterministic_template_v2
V2_VI_EN_057,vi,en,education,short,Sinh viên phải nộp bài trước 17:20 ngày thứ Tư.,Students must submit the assignment before 17:20 on thứ Tư.,17:20 | thứ Tư,deterministic_template_v2
V2_VI_EN_058,vi,en,finance,medium,Hóa đơn 17 có tổng giá trị là 350.75 đô la.,Invoice 17 has a total value of 350.75 dollars.,17 | 350.75,deterministic_template_v2
V2_VI_EN_059,vi,en,support,medium,"Nếu mất kết nối, ứng dụng sẽ thử lại sau 21 giây.","If the connection is lost, the application will retry after 21 seconds.",21,deterministic_template_v2
V2_VI_EN_060,vi,en,translation,short,Bản dịch phải giữ nguyên tên An và mã WS-410.,The translation must preserve the name An and code WS-410.,An | WS-410,deterministic_template_v2
V2_VI_EN_061,vi,en,operations,medium,Đơn hàng 30 sẽ được giao đến Đà Nẵng vào thứ Ba.,Order 30 will be delivered to Đà Nẵng on thứ Ba.,30 | Đà Nẵng | thứ Ba,deterministic_template_v2
V2_VI_EN_062,vi,en,business,medium,Cuộc họp kỹ thuật bắt đầu lúc 15:00 tại phòng D410.,The technical meeting starts at 15:00 in room D410.,15:00 | D410,deterministic_template_v2
V2_VI_EN_063,vi,en,technology,medium,Vui lòng sao lưu máy chủ trước khi cập nhật hệ thống.,Please back up server before updating the system.,system,deterministic_template_v2
V2_VI_EN_064,vi,en,security,medium,Tài khoản Minh bị khóa sau 64 lần đăng nhập sai.,The account for Minh was locked after 64 failed login attempts.,Minh | 64,deterministic_template_v2
V2_VI_EN_065,vi,en,travel,medium,Chuyến bay đến Hải Phòng khởi hành lúc 09:15 vào thứ Hai.,The flight to Hải Phòng departs at 09:15 on thứ Hai.,Hải Phòng | 09:15,deterministic_template_v2
V2_VI_EN_066,vi,en,healthcare,short,Bệnh nhân cần uống 2 viên thuốc sau bữa ăn.,The patient needs to take 2 tablets after the meal.,2,deterministic_template_v2
V2_VI_EN_067,vi,en,education,short,Sinh viên phải nộp bài trước 13:45 ngày thứ Năm.,Students must submit the assignment before 13:45 on thứ Năm.,13:45 | thứ Năm,deterministic_template_v2
V2_VI_EN_068,vi,en,finance,medium,Hóa đơn 5 có tổng giá trị là 350.75 đô la.,Invoice 5 has a total value of 350.75 dollars.,5 | 350.75,deterministic_template_v2
V2_VI_EN_069,vi,en,support,medium,"Nếu mất kết nối, ứng dụng sẽ thử lại sau 8 giây.","If the connection is lost, the application will retry after 8 seconds.",8,deterministic_template_v2
V2_VI_EN_070,vi,en,translation,short,Bản dịch phải giữ nguyên tên An và mã WS-410.,The translation must preserve the name An and code WS-410.,An | WS-410,deterministic_template_v2
V2_VI_EN_071,vi,en,operations,medium,Đơn hàng 17 sẽ được giao đến Đà Nẵng vào thứ Tư.,Order 17 will be delivered to Đà Nẵng on thứ Tư.,17 | Đà Nẵng | thứ Tư,deterministic_template_v2
V2_VI_EN_072,vi,en,business,medium,Cuộc họp kỹ thuật bắt đầu lúc 10:30 tại phòng D410.,The technical meeting starts at 10:30 in room D410.,10:30 | D410,deterministic_template_v2
V2_VI_EN_073,vi,en,technology,medium,Vui lòng sao lưu máy chủ trước khi cập nhật hệ thống.,Please back up server before updating the system.,system,deterministic_template_v2
V2_VI_EN_074,vi,en,security,medium,Tài khoản Minh bị khóa sau 30 lần đăng nhập sai.,The account for Minh was locked after 30 failed login attempts.,Minh | 30,deterministic_template_v2
V2_VI_EN_075,vi,en,travel,medium,Chuyến bay đến Hải Phòng khởi hành lúc 17:20 vào thứ Ba.,The flight to Hải Phòng departs at 17:20 on thứ Ba.,Hải Phòng | 17:20,deterministic_template_v2
V2_VI_EN_076,vi,en,healthcare,short,Bệnh nhân cần uống 56 viên thuốc sau bữa ăn.,The patient needs to take 56 tablets after the meal.,56,deterministic_template_v2
V2_VI_EN_077,vi,en,education,short,Sinh viên phải nộp bài trước 09:15 ngày thứ Sáu.,Students must submit the assignment before 09:15 on thứ Sáu.,09:15 | thứ Sáu,deterministic_template_v2
V2_VI_EN_078,vi,en,finance,medium,Hóa đơn 75 có tổng giá trị là 350.75 đô la.,Invoice 75 has a total value of 350.75 dollars.,75 | 350.75,deterministic_template_v2
V2_VI_EN_079,vi,en,support,medium,"Nếu mất kết nối, ứng dụng sẽ thử lại sau 2 giây.","If the connection is lost, the application will retry after 2 seconds.",2,deterministic_template_v2
V2_VI_EN_080,vi,en,translation,short,Bản dịch phải giữ nguyên tên An và mã WS-410.,The translation must preserve the name An and code WS-410.,An | WS-410,deterministic_template_v2
V2_VI_EN_081,vi,en,operations,medium,Đơn hàng 5 sẽ được giao đến Đà Nẵng vào thứ Năm.,Order 5 will be delivered to Đà Nẵng on thứ Năm.,5 | Đà Nẵng | thứ Năm,deterministic_template_v2
V2_VI_EN_082,vi,en,business,medium,Cuộc họp kỹ thuật bắt đầu lúc 08:00 tại phòng D410.,The technical meeting starts at 08:00 in room D410.,08:00 | D410,deterministic_template_v2
V2_VI_EN_083,vi,en,technology,medium,Vui lòng sao lưu máy chủ trước khi cập nhật hệ thống.,Please back up server before updating the system.,system,deterministic_template_v2
V2_VI_EN_084,vi,en,security,medium,Tài khoản Minh bị khóa sau 17 lần đăng nhập sai.,The account for Minh was locked after 17 failed login attempts.,Minh | 17,deterministic_template_v2
V2_VI_EN_085,vi,en,travel,medium,Chuyến bay đến Hải Phòng khởi hành lúc 13:45 vào thứ Tư.,The flight to Hải Phòng departs at 13:45 on thứ Tư.,Hải Phòng | 13:45,deterministic_template_v2
V2_VI_EN_086,vi,en,healthcare,short,Bệnh nhân cần uống 25 viên thuốc sau bữa ăn.,The patient needs to take 25 tablets after the meal.,25,deterministic_template_v2
V2_VI_EN_087,vi,en,education,medium,Sinh viên phải nộp bài trước 17:20 ngày ngày 15 tháng 9.,Students must submit the assignment before 17:20 on ngày 15 tháng 9.,17:20 | ngày 15 tháng 9,deterministic_template_v2
V2_VI_EN_088,vi,en,finance,medium,Hóa đơn 42 có tổng giá trị là 350.75 đô la.,Invoice 42 has a total value of 350.75 dollars.,42 | 350.75,deterministic_template_v2
V2_VI_EN_089,vi,en,support,medium,"Nếu mất kết nối, ứng dụng sẽ thử lại sau 56 giây.","If the connection is lost, the application will retry after 56 seconds.",56,deterministic_template_v2
V2_VI_EN_090,vi,en,translation,short,Bản dịch phải giữ nguyên tên An và mã WS-410.,The translation must preserve the name An and code WS-410.,An | WS-410,deterministic_template_v2
V2_VI_EN_091,vi,en,operations,medium,Đơn hàng 75 sẽ được giao đến Đà Nẵng vào thứ Sáu.,Order 75 will be delivered to Đà Nẵng on thứ Sáu.,75 | Đà Nẵng | thứ Sáu,deterministic_template_v2
V2_VI_EN_092,vi,en,business,medium,Cuộc họp kỹ thuật bắt đầu lúc 15:00 tại phòng D410.,The technical meeting starts at 15:00 in room D410.,15:00 | D410,deterministic_template_v2
V2_VI_EN_093,vi,en,technology,medium,Vui lòng sao lưu máy chủ trước khi cập nhật hệ thống.,Please back up server before updating the system.,system,deterministic_template_v2
V2_VI_EN_094,vi,en,security,medium,Tài khoản Minh bị khóa sau 5 lần đăng nhập sai.,The account for Minh was locked after 5 failed login attempts.,Minh | 5,deterministic_template_v2
V2_VI_EN_095,vi,en,travel,medium,Chuyến bay đến Hải Phòng khởi hành lúc 09:15 vào thứ Năm.,The flight to Hải Phòng departs at 09:15 on thứ Năm.,Hải Phòng | 09:15,deterministic_template_v2
V2_VI_EN_096,vi,en,healthcare,short,Bệnh nhân cần uống 12 viên thuốc sau bữa ăn.,The patient needs to take 12 tablets after the meal.,12,deterministic_template_v2
V2_VI_EN_097,vi,en,education,medium,Sinh viên phải nộp bài trước 13:45 ngày ngày 24 tháng 9.,Students must submit the assignment before 13:45 on ngày 24 tháng 9.,13:45 | ngày 24 tháng 9,deterministic_template_v2
V2_VI_EN_098,vi,en,finance,medium,Hóa đơn 21 có tổng giá trị là 350.75 đô la.,Invoice 21 has a total value of 350.75 dollars.,21 | 350.75,deterministic_template_v2
V2_VI_EN_099,vi,en,support,medium,"Nếu mất kết nối, ứng dụng sẽ thử lại sau 25 giây.","If the connection is lost, the application will retry after 25 seconds.",25,deterministic_template_v2
V2_VI_EN_100,vi,en,translation,short,Bản dịch phải giữ nguyên tên An và mã WS-410.,The translation must preserve the name An and code WS-410.,An | WS-410,deterministic_template_v2
V2_VI_EN_101,vi,en,operations,medium,Đơn hàng 42 sẽ được giao đến Đà Nẵng vào ngày 15 tháng 9.,Order 42 will be delivered to Đà Nẵng on ngày 15 tháng 9.,42 | Đà Nẵng | ngày 15 tháng 9,deterministic_template_v2
V2_VI_EN_102,vi,en,business,medium,Cuộc họp kỹ thuật bắt đầu lúc 10:30 tại phòng D410.,The technical meeting starts at 10:30 in room D410.,10:30 | D410,deterministic_template_v2
V2_VI_EN_103,vi,en,technology,medium,Vui lòng sao lưu máy chủ trước khi cập nhật hệ thống.,Please back up server before updating the system.,system,deterministic_template_v2
V2_VI_EN_104,vi,en,security,medium,Tài khoản Minh bị khóa sau 75 lần đăng nhập sai.,The account for Minh was locked after 75 failed login attempts.,Minh | 75,deterministic_template_v2
V2_VI_EN_105,vi,en,travel,medium,Chuyến bay đến Hải Phòng khởi hành lúc 17:20 vào thứ Sáu.,The flight to Hải Phòng departs at 17:20 on thứ Sáu.,Hải Phòng | 17:20,deterministic_template_v2
V2_VI_EN_106,vi,en,healthcare,short,Bệnh nhân cần uống 3 viên thuốc sau bữa ăn.,The patient needs to take 3 tablets after the meal.,3,deterministic_template_v2
V2_VI_EN_107,vi,en,education,short,Sinh viên phải nộp bài trước 09:15 ngày thứ Hai.,Students must submit the assignment before 09:15 on thứ Hai.,09:15 | thứ Hai,deterministic_template_v2
V2_VI_EN_108,vi,en,finance,medium,Hóa đơn 8 có tổng giá trị là 350.75 đô la.,Invoice 8 has a total value of 350.75 dollars.,8 | 350.75,deterministic_template_v2
V2_VI_EN_109,vi,en,support,medium,"Nếu mất kết nối, ứng dụng sẽ thử lại sau 12 giây.","If the connection is lost, the application will retry after 12 seconds.",12,deterministic_template_v2
V2_VI_EN_110,vi,en,translation,short,Bản dịch phải giữ nguyên tên An và mã WS-410.,The translation must preserve the name An and code WS-410.,An | WS-410,deterministic_template_v2
V2_VI_EN_111,vi,en,operations,medium,Đơn hàng 21 sẽ được giao đến Đà Nẵng vào ngày 24 tháng 9.,Order 21 will be delivered to Đà Nẵng on ngày 24 tháng 9.,21 | Đà Nẵng | ngày 24 tháng 9,deterministic_template_v2
V2_VI_EN_112,vi,en,business,medium,Cuộc họp kỹ thuật bắt đầu lúc 08:00 tại phòng D410.,The technical meeting starts at 08:00 in room D410.,08:00 | D410,deterministic_template_v2
V2_VI_EN_113,vi,en,technology,medium,Vui lòng sao lưu máy chủ trước khi cập nhật hệ thống.,Please back up server before updating the system.,system,deterministic_template_v2
V2_VI_EN_114,vi,en,security,medium,Tài khoản Minh bị khóa sau 42 lần đăng nhập sai.,The account for Minh was locked after 42 failed login attempts.,Minh | 42,deterministic_template_v2
V2_VI_EN_115,vi,en,travel,medium,Chuyến bay đến Hải Phòng khởi hành lúc 13:45 vào ngày 15 tháng 9.,The flight to Hải Phòng departs at 13:45 on ngày 15 tháng 9.,Hải Phòng | 13:45,deterministic_template_v2
V2_VI_EN_116,vi,en,healthcare,short,Bệnh nhân cần uống 64 viên thuốc sau bữa ăn.,The patient needs to take 64 tablets after the meal.,64,deterministic_template_v2
V2_VI_EN_117,vi,en,education,short,Sinh viên phải nộp bài trước 17:20 ngày thứ Ba.,Students must submit the assignment before 17:20 on thứ Ba.,17:20 | thứ Ba,deterministic_template_v2
V2_VI_EN_118,vi,en,finance,medium,Hóa đơn 2 có tổng giá trị là 350.75 đô la.,Invoice 2 has a total value of 350.75 dollars.,2 | 350.75,deterministic_template_v2
V2_VI_EN_119,vi,en,support,medium,"Nếu mất kết nối, ứng dụng sẽ thử lại sau 3 giây.","If the connection is lost, the application will retry after 3 seconds.",3,deterministic_template_v2
V2_VI_EN_120,vi,en,translation,short,Bản dịch phải giữ nguyên tên An và mã WS-410.,The translation must preserve the name An and code WS-410.,An | WS-410,deterministic_template_v2
V2_VI_EN_121,vi,en,operations,medium,Đơn hàng 8 sẽ được giao đến Đà Nẵng vào thứ Hai.,Order 8 will be delivered to Đà Nẵng on thứ Hai.,8 | Đà Nẵng | thứ Hai,deterministic_template_v2
V2_VI_EN_122,vi,en,business,medium,Cuộc họp kỹ thuật bắt đầu lúc 15:00 tại phòng D410.,The technical meeting starts at 15:00 in room D410.,15:00 | D410,deterministic_template_v2
V2_VI_EN_123,vi,en,technology,medium,Vui lòng sao lưu máy chủ trước khi cập nhật hệ thống.,Please back up server before updating the system.,system,deterministic_template_v2
V2_VI_EN_124,vi,en,security,medium,Tài khoản Minh bị khóa sau 21 lần đăng nhập sai.,The account for Minh was locked after 21 failed login attempts.,Minh | 21,deterministic_template_v2
V2_VI_EN_125,vi,en,travel,medium,Chuyến bay đến Hải Phòng khởi hành lúc 09:15 vào ngày 24 tháng 9.,The flight to Hải Phòng departs at 09:15 on ngày 24 tháng 9.,Hải Phòng | 09:15,deterministic_template_v2
V2_VI_EN_126,vi,en,healthcare,short,Bệnh nhân cần uống 30 viên thuốc sau bữa ăn.,The patient needs to take 30 tablets after the meal.,30,deterministic_template_v2
V2_VI_EN_127,vi,en,education,short,Sinh viên phải nộp bài trước 13:45 ngày thứ Tư.,Students must submit the assignment before 13:45 on thứ Tư.,13:45 | thứ Tư,deterministic_template_v2
V2_VI_EN_128,vi,en,finance,medium,Hóa đơn 56 có tổng giá trị là 350.75 đô la.,Invoice 56 has a total value of 350.75 dollars.,56 | 350.75,deterministic_template_v2
V2_VI_EN_129,vi,en,support,medium,"Nếu mất kết nối, ứng dụng sẽ thử lại sau 64 giây.","If the connection is lost, the application will retry after 64 seconds.",64,deterministic_template_v2
V2_VI_EN_130,vi,en,translation,short,Bản dịch phải giữ nguyên tên An và mã WS-410.,The translation must preserve the name An and code WS-410.,An | WS-410,deterministic_template_v2
V2_VI_EN_131,vi,en,operations,medium,Đơn hàng 2 sẽ được giao đến Đà Nẵng vào thứ Ba.,Order 2 will be delivered to Đà Nẵng on thứ Ba.,2 | Đà Nẵng | thứ Ba,deterministic_template_v2
V2_VI_EN_132,vi,en,business,medium,Cuộc họp kỹ thuật bắt đầu lúc 10:30 tại phòng D410.,The technical meeting starts at 10:30 in room D410.,10:30 | D410,deterministic_template_v2
V2_VI_EN_133,vi,en,technology,medium,Vui lòng sao lưu máy chủ trước khi cập nhật hệ thống.,Please back up server before updating the system.,system,deterministic_template_v2
V2_VI_EN_134,vi,en,security,medium,Tài khoản Minh bị khóa sau 8 lần đăng nhập sai.,The account for Minh was locked after 8 failed login attempts.,Minh | 8,deterministic_template_v2
V2_VI_EN_135,vi,en,travel,medium,Chuyến bay đến Hải Phòng khởi hành lúc 17:20 vào thứ Hai.,The flight to Hải Phòng departs at 17:20 on thứ Hai.,Hải Phòng | 17:20,deterministic_template_v2
V2_VI_EN_136,vi,en,healthcare,short,Bệnh nhân cần uống 17 viên thuốc sau bữa ăn.,The patient needs to take 17 tablets after the meal.,17,deterministic_template_v2
V2_VI_EN_137,vi,en,education,short,Sinh viên phải nộp bài trước 09:15 ngày thứ Năm.,Students must submit the assignment before 09:15 on thứ Năm.,09:15 | thứ Năm,deterministic_template_v2
V2_VI_EN_138,vi,en,finance,medium,Hóa đơn 25 có tổng giá trị là 350.75 đô la.,Invoice 25 has a total value of 350.75 dollars.,25 | 350.75,deterministic_template_v2
V2_VI_EN_139,vi,en,support,medium,"Nếu mất kết nối, ứng dụng sẽ thử lại sau 30 giây.","If the connection is lost, the application will retry after 30 seconds.",30,deterministic_template_v2
V2_VI_EN_140,vi,en,translation,short,Bản dịch phải giữ nguyên tên An và mã WS-410.,The translation must preserve the name An and code WS-410.,An | WS-410,deterministic_template_v2
V2_VI_EN_141,vi,en,operations,medium,Đơn hàng 56 sẽ được giao đến Đà Nẵng vào thứ Tư.,Order 56 will be delivered to Đà Nẵng on thứ Tư.,56 | Đà Nẵng | thứ Tư,deterministic_template_v2
V2_VI_EN_142,vi,en,business,medium,Cuộc họp kỹ thuật bắt đầu lúc 08:00 tại phòng D410.,The technical meeting starts at 08:00 in room D410.,08:00 | D410,deterministic_template_v2
V2_VI_EN_143,vi,en,technology,medium,Vui lòng sao lưu máy chủ trước khi cập nhật hệ thống.,Please back up server before updating the system.,system,deterministic_template_v2
V2_VI_EN_144,vi,en,security,medium,Tài khoản Minh bị khóa sau 2 lần đăng nhập sai.,The account for Minh was locked after 2 failed login attempts.,Minh | 2,deterministic_template_v2
V2_VI_EN_145,vi,en,travel,medium,Chuyến bay đến Hải Phòng khởi hành lúc 13:45 vào thứ Ba.,The flight to Hải Phòng departs at 13:45 on thứ Ba.,Hải Phòng | 13:45,deterministic_template_v2
V2_VI_EN_146,vi,en,healthcare,short,Bệnh nhân cần uống 5 viên thuốc sau bữa ăn.,The patient needs to take 5 tablets after the meal.,5,deterministic_template_v2
V2_VI_EN_147,vi,en,education,short,Sinh viên phải nộp bài trước 17:20 ngày thứ Sáu.,Students must submit the assignment before 17:20 on thứ Sáu.,17:20 | thứ Sáu,deterministic_template_v2
V2_VI_EN_148,vi,en,finance,medium,Hóa đơn 12 có tổng giá trị là 350.75 đô la.,Invoice 12 has a total value of 350.75 dollars.,12 | 350.75,deterministic_template_v2
V2_VI_EN_149,vi,en,support,medium,"Nếu mất kết nối, ứng dụng sẽ thử lại sau 17 giây.","If the connection is lost, the application will retry after 17 seconds.",17,deterministic_template_v2
V2_VI_EN_150,vi,en,translation,short,Bản dịch phải giữ nguyên tên An và mã WS-410.,The translation must preserve the name An and code WS-410.,An | WS-410,deterministic_template_v2
V2_VI_EN_151,vi,en,operations,medium,Đơn hàng 25 sẽ được giao đến Đà Nẵng vào thứ Năm.,Order 25 will be delivered to Đà Nẵng on thứ Năm.,25 | Đà Nẵng | thứ Năm,deterministic_template_v2
V2_VI_EN_152,vi,en,business,medium,Cuộc họp kỹ thuật bắt đầu lúc 15:00 tại phòng D410.,The technical meeting starts at 15:00 in room D410.,15:00 | D410,deterministic_template_v2
V2_VI_EN_153,vi,en,technology,medium,Vui lòng sao lưu máy chủ trước khi cập nhật hệ thống.,Please back up server before updating the system.,system,deterministic_template_v2
V2_VI_EN_154,vi,en,security,medium,Tài khoản Minh bị khóa sau 56 lần đăng nhập sai.,The account for Minh was locked after 56 failed login attempts.,Minh | 56,deterministic_template_v2
V2_VI_EN_155,vi,en,travel,medium,Chuyến bay đến Hải Phòng khởi hành lúc 09:15 vào thứ Tư.,The flight to Hải Phòng departs at 09:15 on thứ Tư.,Hải Phòng | 09:15,deterministic_template_v2
V2_VI_EN_156,vi,en,healthcare,short,Bệnh nhân cần uống 75 viên thuốc sau bữa ăn.,The patient needs to take 75 tablets after the meal.,75,deterministic_template_v2
V2_VI_EN_157,vi,en,education,medium,Sinh viên phải nộp bài trước 13:45 ngày ngày 15 tháng 9.,Students must submit the assignment before 13:45 on ngày 15 tháng 9.,13:45 | ngày 15 tháng 9,deterministic_template_v2
V2_VI_EN_158,vi,en,finance,medium,Hóa đơn 3 có tổng giá trị là 350.75 đô la.,Invoice 3 has a total value of 350.75 dollars.,3 | 350.75,deterministic_template_v2
V2_VI_EN_159,vi,en,support,medium,"Nếu mất kết nối, ứng dụng sẽ thử lại sau 5 giây.","If the connection is lost, the application will retry after 5 seconds.",5,deterministic_template_v2
V2_VI_EN_160,vi,en,translation,short,Bản dịch phải giữ nguyên tên An và mã WS-410.,The translation must preserve the name An and code WS-410.,An | WS-410,deterministic_template_v2
V2_VI_EN_161,vi,en,operations,medium,Đơn hàng 12 sẽ được giao đến Đà Nẵng vào thứ Sáu.,Order 12 will be delivered to Đà Nẵng on thứ Sáu.,12 | Đà Nẵng | thứ Sáu,deterministic_template_v2
V2_VI_EN_162,vi,en,business,medium,Cuộc họp kỹ thuật bắt đầu lúc 10:30 tại phòng D410.,The technical meeting starts at 10:30 in room D410.,10:30 | D410,deterministic_template_v2
V2_VI_EN_163,vi,en,technology,medium,Vui lòng sao lưu máy chủ trước khi cập nhật hệ thống.,Please back up server before updating the system.,system,deterministic_template_v2
V2_VI_EN_164,vi,en,security,medium,Tài khoản Minh bị khóa sau 25 lần đăng nhập sai.,The account for Minh was locked after 25 failed login attempts.,Minh | 25,deterministic_template_v2
V2_VI_EN_165,vi,en,travel,medium,Chuyến bay đến Hải Phòng khởi hành lúc 17:20 vào thứ Năm.,The flight to Hải Phòng departs at 17:20 on thứ Năm.,Hải Phòng | 17:20,deterministic_template_v2
V2_VI_EN_166,vi,en,healthcare,short,Bệnh nhân cần uống 42 viên thuốc sau bữa ăn.,The patient needs to take 42 tablets after the meal.,42,deterministic_template_v2
V2_VI_EN_167,vi,en,education,medium,Sinh viên phải nộp bài trước 09:15 ngày ngày 24 tháng 9.,Students must submit the assignment before 09:15 on ngày 24 tháng 9.,09:15 | ngày 24 tháng 9,deterministic_template_v2
V2_VI_EN_168,vi,en,finance,medium,Hóa đơn 64 có tổng giá trị là 350.75 đô la.,Invoice 64 has a total value of 350.75 dollars.,64 | 350.75,deterministic_template_v2
V2_VI_EN_169,vi,en,support,medium,"Nếu mất kết nối, ứng dụng sẽ thử lại sau 75 giây.","If the connection is lost, the application will retry after 75 seconds.",75,deterministic_template_v2
V2_VI_EN_170,vi,en,translation,short,Bản dịch phải giữ nguyên tên An và mã WS-410.,The translation must preserve the name An and code WS-410.,An | WS-410,deterministic_template_v2
V2_VI_EN_171,vi,en,operations,medium,Đơn hàng 3 sẽ được giao đến Đà Nẵng vào ngày 15 tháng 9.,Order 3 will be delivered to Đà Nẵng on ngày 15 tháng 9.,3 | Đà Nẵng | ngày 15 tháng 9,deterministic_template_v2
V2_VI_EN_172,vi,en,business,medium,Cuộc họp kỹ thuật bắt đầu lúc 08:00 tại phòng D410.,The technical meeting starts at 08:00 in room D410.,08:00 | D410,deterministic_template_v2
V2_VI_EN_173,vi,en,technology,medium,Vui lòng sao lưu máy chủ trước khi cập nhật hệ thống.,Please back up server before updating the system.,system,deterministic_template_v2
V2_VI_EN_174,vi,en,security,medium,Tài khoản Minh bị khóa sau 12 lần đăng nhập sai.,The account for Minh was locked after 12 failed login attempts.,Minh | 12,deterministic_template_v2
V2_VI_EN_175,vi,en,travel,medium,Chuyến bay đến Hải Phòng khởi hành lúc 13:45 vào thứ Sáu.,The flight to Hải Phòng departs at 13:45 on thứ Sáu.,Hải Phòng | 13:45,deterministic_template_v2
V2_VI_EN_176,vi,en,healthcare,short,Bệnh nhân cần uống 21 viên thuốc sau bữa ăn.,The patient needs to take 21 tablets after the meal.,21,deterministic_template_v2
V2_VI_EN_177,vi,en,education,short,Sinh viên phải nộp bài trước 17:20 ngày thứ Hai.,Students must submit the assignment before 17:20 on thứ Hai.,17:20 | thứ Hai,deterministic_template_v2
V2_VI_EN_178,vi,en,finance,medium,Hóa đơn 30 có tổng giá trị là 350.75 đô la.,Invoice 30 has a total value of 350.75 dollars.,30 | 350.75,deterministic_template_v2
V2_VI_EN_179,vi,en,support,medium,"Nếu mất kết nối, ứng dụng sẽ thử lại sau 42 giây.","If the connection is lost, the application will retry after 42 seconds.",42,deterministic_template_v2
V2_VI_EN_180,vi,en,translation,short,Bản dịch phải giữ nguyên tên An và mã WS-410.,The translation must preserve the name An and code WS-410.,An | WS-410,deterministic_template_v2
V2_VI_EN_181,vi,en,operations,medium,Đơn hàng 64 sẽ được giao đến Đà Nẵng vào ngày 24 tháng 9.,Order 64 will be delivered to Đà Nẵng on ngày 24 tháng 9.,64 | Đà Nẵng | ngày 24 tháng 9,deterministic_template_v2
V2_VI_EN_182,vi,en,business,medium,Cuộc họp kỹ thuật bắt đầu lúc 15:00 tại phòng D410.,The technical meeting starts at 15:00 in room D410.,15:00 | D410,deterministic_template_v2
V2_VI_EN_183,vi,en,technology,medium,Vui lòng sao lưu máy chủ trước khi cập nhật hệ thống.,Please back up server before updating the system.,system,deterministic_template_v2
V2_VI_EN_184,vi,en,security,medium,Tài khoản Minh bị khóa sau 3 lần đăng nhập sai.,The account for Minh was locked after 3 failed login attempts.,Minh | 3,deterministic_template_v2
V2_VI_EN_185,vi,en,travel,medium,Chuyến bay đến Hải Phòng khởi hành lúc 09:15 vào ngày 15 tháng 9.,The flight to Hải Phòng departs at 09:15 on ngày 15 tháng 9.,Hải Phòng | 09:15,deterministic_template_v2
V2_VI_EN_186,vi,en,healthcare,short,Bệnh nhân cần uống 8 viên thuốc sau bữa ăn.,The patient needs to take 8 tablets after the meal.,8,deterministic_template_v2
V2_VI_EN_187,vi,en,education,short,Sinh viên phải nộp bài trước 13:45 ngày thứ Ba.,Students must submit the assignment before 13:45 on thứ Ba.,13:45 | thứ Ba,deterministic_template_v2
V2_VI_EN_188,vi,en,finance,medium,Hóa đơn 17 có tổng giá trị là 350.75 đô la.,Invoice 17 has a total value of 350.75 dollars.,17 | 350.75,deterministic_template_v2
V2_VI_EN_189,vi,en,support,medium,"Nếu mất kết nối, ứng dụng sẽ thử lại sau 21 giây.","If the connection is lost, the application will retry after 21 seconds.",21,deterministic_template_v2
V2_VI_EN_190,vi,en,translation,short,Bản dịch phải giữ nguyên tên An và mã WS-410.,The translation must preserve the name An and code WS-410.,An | WS-410,deterministic_template_v2
V2_VI_EN_191,vi,en,operations,medium,Đơn hàng 30 sẽ được giao đến Đà Nẵng vào thứ Hai.,Order 30 will be delivered to Đà Nẵng on thứ Hai.,30 | Đà Nẵng | thứ Hai,deterministic_template_v2
V2_VI_EN_192,vi,en,business,medium,Cuộc họp kỹ thuật bắt đầu lúc 10:30 tại phòng D410.,The technical meeting starts at 10:30 in room D410.,10:30 | D410,deterministic_template_v2
V2_VI_EN_193,vi,en,technology,medium,Vui lòng sao lưu máy chủ trước khi cập nhật hệ thống.,Please back up server before updating the system.,system,deterministic_template_v2
V2_VI_EN_194,vi,en,security,medium,Tài khoản Minh bị khóa sau 64 lần đăng nhập sai.,The account for Minh was locked after 64 failed login attempts.,Minh | 64,deterministic_template_v2
V2_VI_EN_195,vi,en,travel,medium,Chuyến bay đến Hải Phòng khởi hành lúc 17:20 vào ngày 24 tháng 9.,The flight to Hải Phòng departs at 17:20 on ngày 24 tháng 9.,Hải Phòng | 17:20,deterministic_template_v2
V2_VI_EN_196,vi,en,healthcare,short,Bệnh nhân cần uống 2 viên thuốc sau bữa ăn.,The patient needs to take 2 tablets after the meal.,2,deterministic_template_v2
V2_VI_EN_197,vi,en,education,short,Sinh viên phải nộp bài trước 09:15 ngày thứ Tư.,Students must submit the assignment before 09:15 on thứ Tư.,09:15 | thứ Tư,deterministic_template_v2
V2_VI_EN_198,vi,en,finance,medium,Hóa đơn 5 có tổng giá trị là 350.75 đô la.,Invoice 5 has a total value of 350.75 dollars.,5 | 350.75,deterministic_template_v2
V2_VI_EN_199,vi,en,support,medium,"Nếu mất kết nối, ứng dụng sẽ thử lại sau 8 giây.","If the connection is lost, the application will retry after 8 seconds.",8,deterministic_template_v2
V2_VI_EN_200,vi,en,translation,short,Bản dịch phải giữ nguyên tên An và mã WS-410.,The translation must preserve the name An and code WS-410.,An | WS-410,deterministic_template_v2
V2_VI_EN_201,vi,en,operations,medium,Đơn hàng 17 sẽ được giao đến Đà Nẵng vào thứ Ba.,Order 17 will be delivered to Đà Nẵng on thứ Ba.,17 | Đà Nẵng | thứ Ba,deterministic_template_v2
V2_VI_EN_202,vi,en,business,medium,Cuộc họp kỹ thuật bắt đầu lúc 08:00 tại phòng D410.,The technical meeting starts at 08:00 in room D410.,08:00 | D410,deterministic_template_v2
V2_VI_EN_203,vi,en,technology,medium,Vui lòng sao lưu máy chủ trước khi cập nhật hệ thống.,Please back up server before updating the system.,system,deterministic_template_v2
V2_VI_EN_204,vi,en,security,medium,Tài khoản Minh bị khóa sau 30 lần đăng nhập sai.,The account for Minh was locked after 30 failed login attempts.,Minh | 30,deterministic_template_v2
V2_VI_EN_205,vi,en,travel,medium,Chuyến bay đến Hải Phòng khởi hành lúc 13:45 vào thứ Hai.,The flight to Hải Phòng departs at 13:45 on thứ Hai.,Hải Phòng | 13:45,deterministic_template_v2
V2_VI_EN_206,vi,en,healthcare,short,Bệnh nhân cần uống 56 viên thuốc sau bữa ăn.,The patient needs to take 56 tablets after the meal.,56,deterministic_template_v2
V2_VI_EN_207,vi,en,education,short,Sinh viên phải nộp bài trước 17:20 ngày thứ Năm.,Students must submit the assignment before 17:20 on thứ Năm.,17:20 | thứ Năm,deterministic_template_v2
V2_VI_EN_208,vi,en,finance,medium,Hóa đơn 75 có tổng giá trị là 350.75 đô la.,Invoice 75 has a total value of 350.75 dollars.,75 | 350.75,deterministic_template_v2
V2_VI_EN_209,vi,en,support,medium,"Nếu mất kết nối, ứng dụng sẽ thử lại sau 2 giây.","If the connection is lost, the application will retry after 2 seconds.",2,deterministic_template_v2
V2_VI_EN_210,vi,en,translation,short,Bản dịch phải giữ nguyên tên An và mã WS-410.,The translation must preserve the name An and code WS-410.,An | WS-410,deterministic_template_v2
V2_VI_EN_211,vi,en,operations,medium,Đơn hàng 5 sẽ được giao đến Đà Nẵng vào thứ Tư.,Order 5 will be delivered to Đà Nẵng on thứ Tư.,5 | Đà Nẵng | thứ Tư,deterministic_template_v2
V2_VI_EN_212,vi,en,business,medium,Cuộc họp kỹ thuật bắt đầu lúc 15:00 tại phòng D410.,The technical meeting starts at 15:00 in room D410.,15:00 | D410,deterministic_template_v2
V2_VI_EN_213,vi,en,technology,medium,Vui lòng sao lưu máy chủ trước khi cập nhật hệ thống.,Please back up server before updating the system.,system,deterministic_template_v2
V2_VI_EN_214,vi,en,security,medium,Tài khoản Minh bị khóa sau 17 lần đăng nhập sai.,The account for Minh was locked after 17 failed login attempts.,Minh | 17,deterministic_template_v2
V2_VI_EN_215,vi,en,travel,medium,Chuyến bay đến Hải Phòng khởi hành lúc 09:15 vào thứ Ba.,The flight to Hải Phòng departs at 09:15 on thứ Ba.,Hải Phòng | 09:15,deterministic_template_v2
V2_VI_EN_216,vi,en,healthcare,short,Bệnh nhân cần uống 25 viên thuốc sau bữa ăn.,The patient needs to take 25 tablets after the meal.,25,deterministic_template_v2
V2_VI_EN_217,vi,en,education,short,Sinh viên phải nộp bài trước 13:45 ngày thứ Sáu.,Students must submit the assignment before 13:45 on thứ Sáu.,13:45 | thứ Sáu,deterministic_template_v2
V2_VI_EN_218,vi,en,finance,medium,Hóa đơn 42 có tổng giá trị là 350.75 đô la.,Invoice 42 has a total value of 350.75 dollars.,42 | 350.75,deterministic_template_v2
V2_VI_EN_219,vi,en,support,medium,"Nếu mất kết nối, ứng dụng sẽ thử lại sau 56 giây.","If the connection is lost, the application will retry after 56 seconds.",56,deterministic_template_v2
V2_VI_EN_220,vi,en,translation,short,Bản dịch phải giữ nguyên tên An và mã WS-410.,The translation must preserve the name An and code WS-410.,An | WS-410,deterministic_template_v2
V2_VI_EN_221,vi,en,operations,medium,Đơn hàng 75 sẽ được giao đến Đà Nẵng vào thứ Năm.,Order 75 will be delivered to Đà Nẵng on thứ Năm.,75 | Đà Nẵng | thứ Năm,deterministic_template_v2
V2_VI_EN_222,vi,en,business,medium,Cuộc họp kỹ thuật bắt đầu lúc 10:30 tại phòng D410.,The technical meeting starts at 10:30 in room D410.,10:30 | D410,deterministic_template_v2
V2_VI_EN_223,vi,en,technology,medium,Vui lòng sao lưu máy chủ trước khi cập nhật hệ thống.,Please back up server before updating the system.,system,deterministic_template_v2
V2_VI_EN_224,vi,en,security,medium,Tài khoản Minh bị khóa sau 5 lần đăng nhập sai.,The account for Minh was locked after 5 failed login attempts.,Minh | 5,deterministic_template_v2
V2_VI_EN_225,vi,en,travel,medium,Chuyến bay đến Hải Phòng khởi hành lúc 17:20 vào thứ Tư.,The flight to Hải Phòng departs at 17:20 on thứ Tư.,Hải Phòng | 17:20,deterministic_template_v2
V2_VI_EN_226,vi,en,healthcare,short,Bệnh nhân cần uống 12 viên thuốc sau bữa ăn.,The patient needs to take 12 tablets after the meal.,12,deterministic_template_v2
V2_VI_EN_227,vi,en,education,medium,Sinh viên phải nộp bài trước 09:15 ngày ngày 15 tháng 9.,Students must submit the assignment before 09:15 on ngày 15 tháng 9.,09:15 | ngày 15 tháng 9,deterministic_template_v2
V2_VI_EN_228,vi,en,finance,medium,Hóa đơn 21 có tổng giá trị là 350.75 đô la.,Invoice 21 has a total value of 350.75 dollars.,21 | 350.75,deterministic_template_v2
V2_VI_EN_229,vi,en,support,medium,"Nếu mất kết nối, ứng dụng sẽ thử lại sau 25 giây.","If the connection is lost, the application will retry after 25 seconds.",25,deterministic_template_v2
V2_VI_EN_230,vi,en,translation,short,Bản dịch phải giữ nguyên tên An và mã WS-410.,The translation must preserve the name An and code WS-410.,An | WS-410,deterministic_template_v2
V2_VI_EN_231,vi,en,operations,medium,Đơn hàng 42 sẽ được giao đến Đà Nẵng vào thứ Sáu.,Order 42 will be delivered to Đà Nẵng on thứ Sáu.,42 | Đà Nẵng | thứ Sáu,deterministic_template_v2
V2_VI_EN_232,vi,en,business,medium,Cuộc họp kỹ thuật bắt đầu lúc 08:00 tại phòng D410.,The technical meeting starts at 08:00 in room D410.,08:00 | D410,deterministic_template_v2
V2_VI_EN_233,vi,en,technology,medium,Vui lòng sao lưu máy chủ trước khi cập nhật hệ thống.,Please back up server before updating the system.,system,deterministic_template_v2
V2_VI_EN_234,vi,en,security,medium,Tài khoản Minh bị khóa sau 75 lần đăng nhập sai.,The account for Minh was locked after 75 failed login attempts.,Minh | 75,deterministic_template_v2
V2_VI_EN_235,vi,en,travel,medium,Chuyến bay đến Hải Phòng khởi hành lúc 13:45 vào thứ Năm.,The flight to Hải Phòng departs at 13:45 on thứ Năm.,Hải Phòng | 13:45,deterministic_template_v2
V2_VI_EN_236,vi,en,healthcare,short,Bệnh nhân cần uống 3 viên thuốc sau bữa ăn.,The patient needs to take 3 tablets after the meal.,3,deterministic_template_v2
V2_VI_EN_237,vi,en,education,medium,Sinh viên phải nộp bài trước 17:20 ngày ngày 24 tháng 9.,Students must submit the assignment before 17:20 on ngày 24 tháng 9.,17:20 | ngày 24 tháng 9,deterministic_template_v2
V2_VI_EN_238,vi,en,finance,medium,Hóa đơn 8 có tổng giá trị là 350.75 đô la.,Invoice 8 has a total value of 350.75 dollars.,8 | 350.75,deterministic_template_v2
V2_VI_EN_239,vi,en,support,medium,"Nếu mất kết nối, ứng dụng sẽ thử lại sau 12 giây.","If the connection is lost, the application will retry after 12 seconds.",12,deterministic_template_v2
V2_VI_EN_240,vi,en,translation,short,Bản dịch phải giữ nguyên tên An và mã WS-410.,The translation must preserve the name An and code WS-410.,An | WS-410,deterministic_template_v2
V2_VI_EN_241,vi,en,operations,medium,Đơn hàng 21 sẽ được giao đến Đà Nẵng vào ngày 15 tháng 9.,Order 21 will be delivered to Đà Nẵng on ngày 15 tháng 9.,21 | Đà Nẵng | ngày 15 tháng 9,deterministic_template_v2
V2_VI_EN_242,vi,en,business,medium,Cuộc họp kỹ thuật bắt đầu lúc 15:00 tại phòng D410.,The technical meeting starts at 15:00 in room D410.,15:00 | D410,deterministic_template_v2
V2_VI_EN_243,vi,en,technology,medium,Vui lòng sao lưu máy chủ trước khi cập nhật hệ thống.,Please back up server before updating the system.,system,deterministic_template_v2
V2_VI_EN_244,vi,en,security,medium,Tài khoản Minh bị khóa sau 42 lần đăng nhập sai.,The account for Minh was locked after 42 failed login attempts.,Minh | 42,deterministic_template_v2
V2_VI_EN_245,vi,en,travel,medium,Chuyến bay đến Hải Phòng khởi hành lúc 09:15 vào thứ Sáu.,The flight to Hải Phòng departs at 09:15 on thứ Sáu.,Hải Phòng | 09:15,deterministic_template_v2
V2_VI_EN_246,vi,en,healthcare,short,Bệnh nhân cần uống 64 viên thuốc sau bữa ăn.,The patient needs to take 64 tablets after the meal.,64,deterministic_template_v2
V2_VI_EN_247,vi,en,education,short,Sinh viên phải nộp bài trước 13:45 ngày thứ Hai.,Students must submit the assignment before 13:45 on thứ Hai.,13:45 | thứ Hai,deterministic_template_v2
V2_VI_EN_248,vi,en,finance,medium,Hóa đơn 2 có tổng giá trị là 350.75 đô la.,Invoice 2 has a total value of 350.75 dollars.,2 | 350.75,deterministic_template_v2
V2_VI_EN_249,vi,en,support,medium,"Nếu mất kết nối, ứng dụng sẽ thử lại sau 3 giây.","If the connection is lost, the application will retry after 3 seconds.",3,deterministic_template_v2
V2_VI_EN_250,vi,en,translation,short,Bản dịch phải giữ nguyên tên An và mã WS-410.,The translation must preserve the name An and code WS-410.,An | WS-410,deterministic_template_v2
V2_EN_VI_001,en,vi,operations,short,Package QA-204 will arrive in Đà Nẵng on thứ Tư.,Kiện hàng QA-204 sẽ đến Đà Nẵng vào thứ Tư.,QA-204 | Đà Nẵng | thứ Tư,deterministic_template_v2
V2_EN_VI_002,en,vi,business,short,The technical meeting starts at 15:00 in room D410.,Cuộc họp kỹ thuật bắt đầu lúc 15:00 tại phòng D410.,15:00 | D410,deterministic_template_v2
V2_EN_VI_003,en,vi,technology,short,Please restart the server after installing the update.,Vui lòng khởi động lại máy chủ sau khi cài đặt bản cập nhật.,,deterministic_template_v2
V2_EN_VI_004,en,vi,security,short,User Minh must change the password within 8 days.,Người dùng Minh phải đổi mật khẩu trong vòng 8 ngày.,Minh | 8,deterministic_template_v2
V2_EN_VI_005,en,vi,travel,medium,The train to Hải Phòng leaves at 09:15 on thứ Ba.,Tàu đi Hải Phòng khởi hành lúc 09:15 vào thứ Ba.,Hải Phòng | 09:15,deterministic_template_v2
V2_EN_VI_006,en,vi,healthcare,short,Take 17 tablets with water after breakfast.,Uống 17 viên thuốc với nước sau bữa sáng.,17,deterministic_template_v2
V2_EN_VI_007,en,vi,education,short,The final exam is scheduled for 13:45 on thứ Sáu.,Kỳ thi cuối kỳ được tổ chức lúc 13:45 vào thứ Sáu.,13:45 | thứ Sáu,deterministic_template_v2
V2_EN_VI_008,en,vi,finance,short,Invoice 25 has an outstanding balance of 350.75 dollars.,Hóa đơn 25 còn số dư chưa thanh toán là 350.75 đô la.,25 | 350.75,deterministic_template_v2
V2_EN_VI_009,en,vi,support,short,The application will reconnect automatically after 30 seconds.,Ứng dụng sẽ tự động kết nối lại sau 30 giây.,30,deterministic_template_v2
V2_EN_VI_010,en,vi,translation,short,Keep the name An and reference code WS-410 unchanged.,Giữ nguyên tên An và mã tham chiếu WS-410.,An | WS-410,deterministic_template_v2
V2_EN_VI_011,en,vi,operations,short,Package QA-204 will arrive in Đà Nẵng on thứ Năm.,Kiện hàng QA-204 sẽ đến Đà Nẵng vào thứ Năm.,QA-204 | Đà Nẵng | thứ Năm,deterministic_template_v2
V2_EN_VI_012,en,vi,business,short,The technical meeting starts at 10:30 in room D410.,Cuộc họp kỹ thuật bắt đầu lúc 10:30 tại phòng D410.,10:30 | D410,deterministic_template_v2
V2_EN_VI_013,en,vi,technology,short,Please restart the server after installing the update.,Vui lòng khởi động lại máy chủ sau khi cài đặt bản cập nhật.,,deterministic_template_v2
V2_EN_VI_014,en,vi,security,short,User Minh must change the password within 2 days.,Người dùng Minh phải đổi mật khẩu trong vòng 2 ngày.,Minh | 2,deterministic_template_v2
V2_EN_VI_015,en,vi,travel,medium,The train to Hải Phòng leaves at 17:20 on thứ Tư.,Tàu đi Hải Phòng khởi hành lúc 17:20 vào thứ Tư.,Hải Phòng | 17:20,deterministic_template_v2
V2_EN_VI_016,en,vi,healthcare,short,Take 5 tablets with water after breakfast.,Uống 5 viên thuốc với nước sau bữa sáng.,5,deterministic_template_v2
V2_EN_VI_017,en,vi,education,medium,The final exam is scheduled for 09:15 on ngày 15 tháng 9.,Kỳ thi cuối kỳ được tổ chức lúc 09:15 vào ngày 15 tháng 9.,09:15 | ngày 15 tháng 9,deterministic_template_v2
V2_EN_VI_018,en,vi,finance,short,Invoice 12 has an outstanding balance of 350.75 dollars.,Hóa đơn 12 còn số dư chưa thanh toán là 350.75 đô la.,12 | 350.75,deterministic_template_v2
V2_EN_VI_019,en,vi,support,short,The application will reconnect automatically after 17 seconds.,Ứng dụng sẽ tự động kết nối lại sau 17 giây.,17,deterministic_template_v2
V2_EN_VI_020,en,vi,translation,short,Keep the name An and reference code WS-410 unchanged.,Giữ nguyên tên An và mã tham chiếu WS-410.,An | WS-410,deterministic_template_v2
V2_EN_VI_021,en,vi,operations,short,Package QA-204 will arrive in Đà Nẵng on thứ Sáu.,Kiện hàng QA-204 sẽ đến Đà Nẵng vào thứ Sáu.,QA-204 | Đà Nẵng | thứ Sáu,deterministic_template_v2
V2_EN_VI_022,en,vi,business,short,The technical meeting starts at 08:00 in room D410.,Cuộc họp kỹ thuật bắt đầu lúc 08:00 tại phòng D410.,08:00 | D410,deterministic_template_v2
V2_EN_VI_023,en,vi,technology,short,Please restart the server after installing the update.,Vui lòng khởi động lại máy chủ sau khi cài đặt bản cập nhật.,,deterministic_template_v2
V2_EN_VI_024,en,vi,security,short,User Minh must change the password within 56 days.,Người dùng Minh phải đổi mật khẩu trong vòng 56 ngày.,Minh | 56,deterministic_template_v2
V2_EN_VI_025,en,vi,travel,medium,The train to Hải Phòng leaves at 13:45 on thứ Năm.,Tàu đi Hải Phòng khởi hành lúc 13:45 vào thứ Năm.,Hải Phòng | 13:45,deterministic_template_v2
V2_EN_VI_026,en,vi,healthcare,short,Take 75 tablets with water after breakfast.,Uống 75 viên thuốc với nước sau bữa sáng.,75,deterministic_template_v2
V2_EN_VI_027,en,vi,education,medium,The final exam is scheduled for 17:20 on ngày 24 tháng 9.,Kỳ thi cuối kỳ được tổ chức lúc 17:20 vào ngày 24 tháng 9.,17:20 | ngày 24 tháng 9,deterministic_template_v2
V2_EN_VI_028,en,vi,finance,short,Invoice 3 has an outstanding balance of 350.75 dollars.,Hóa đơn 3 còn số dư chưa thanh toán là 350.75 đô la.,3 | 350.75,deterministic_template_v2
V2_EN_VI_029,en,vi,support,short,The application will reconnect automatically after 5 seconds.,Ứng dụng sẽ tự động kết nối lại sau 5 giây.,5,deterministic_template_v2
V2_EN_VI_030,en,vi,translation,short,Keep the name An and reference code WS-410 unchanged.,Giữ nguyên tên An và mã tham chiếu WS-410.,An | WS-410,deterministic_template_v2
V2_EN_VI_031,en,vi,operations,medium,Package QA-204 will arrive in Đà Nẵng on ngày 15 tháng 9.,Kiện hàng QA-204 sẽ đến Đà Nẵng vào ngày 15 tháng 9.,QA-204 | Đà Nẵng | ngày 15 tháng 9,deterministic_template_v2
V2_EN_VI_032,en,vi,business,short,The technical meeting starts at 15:00 in room D410.,Cuộc họp kỹ thuật bắt đầu lúc 15:00 tại phòng D410.,15:00 | D410,deterministic_template_v2
V2_EN_VI_033,en,vi,technology,short,Please restart the server after installing the update.,Vui lòng khởi động lại máy chủ sau khi cài đặt bản cập nhật.,,deterministic_template_v2
V2_EN_VI_034,en,vi,security,short,User Minh must change the password within 25 days.,Người dùng Minh phải đổi mật khẩu trong vòng 25 ngày.,Minh | 25,deterministic_template_v2
V2_EN_VI_035,en,vi,travel,medium,The train to Hải Phòng leaves at 09:15 on thứ Sáu.,Tàu đi Hải Phòng khởi hành lúc 09:15 vào thứ Sáu.,Hải Phòng | 09:15,deterministic_template_v2
V2_EN_VI_036,en,vi,healthcare,short,Take 42 tablets with water after breakfast.,Uống 42 viên thuốc với nước sau bữa sáng.,42,deterministic_template_v2
V2_EN_VI_037,en,vi,education,short,The final exam is scheduled for 13:45 on thứ Hai.,Kỳ thi cuối kỳ được tổ chức lúc 13:45 vào thứ Hai.,13:45 | thứ Hai,deterministic_template_v2
V2_EN_VI_038,en,vi,finance,short,Invoice 64 has an outstanding balance of 350.75 dollars.,Hóa đơn 64 còn số dư chưa thanh toán là 350.75 đô la.,64 | 350.75,deterministic_template_v2
V2_EN_VI_039,en,vi,support,short,The application will reconnect automatically after 75 seconds.,Ứng dụng sẽ tự động kết nối lại sau 75 giây.,75,deterministic_template_v2
V2_EN_VI_040,en,vi,translation,short,Keep the name An and reference code WS-410 unchanged.,Giữ nguyên tên An và mã tham chiếu WS-410.,An | WS-410,deterministic_template_v2
V2_EN_VI_041,en,vi,operations,medium,Package QA-204 will arrive in Đà Nẵng on ngày 24 tháng 9.,Kiện hàng QA-204 sẽ đến Đà Nẵng vào ngày 24 tháng 9.,QA-204 | Đà Nẵng | ngày 24 tháng 9,deterministic_template_v2
V2_EN_VI_042,en,vi,business,short,The technical meeting starts at 10:30 in room D410.,Cuộc họp kỹ thuật bắt đầu lúc 10:30 tại phòng D410.,10:30 | D410,deterministic_template_v2
V2_EN_VI_043,en,vi,technology,short,Please restart the server after installing the update.,Vui lòng khởi động lại máy chủ sau khi cài đặt bản cập nhật.,,deterministic_template_v2
V2_EN_VI_044,en,vi,security,short,User Minh must change the password within 12 days.,Người dùng Minh phải đổi mật khẩu trong vòng 12 ngày.,Minh | 12,deterministic_template_v2
V2_EN_VI_045,en,vi,travel,medium,The train to Hải Phòng leaves at 17:20 on ngày 15 tháng 9.,Tàu đi Hải Phòng khởi hành lúc 17:20 vào ngày 15 tháng 9.,Hải Phòng | 17:20,deterministic_template_v2
V2_EN_VI_046,en,vi,healthcare,short,Take 21 tablets with water after breakfast.,Uống 21 viên thuốc với nước sau bữa sáng.,21,deterministic_template_v2
V2_EN_VI_047,en,vi,education,short,The final exam is scheduled for 09:15 on thứ Ba.,Kỳ thi cuối kỳ được tổ chức lúc 09:15 vào thứ Ba.,09:15 | thứ Ba,deterministic_template_v2
V2_EN_VI_048,en,vi,finance,short,Invoice 30 has an outstanding balance of 350.75 dollars.,Hóa đơn 30 còn số dư chưa thanh toán là 350.75 đô la.,30 | 350.75,deterministic_template_v2
V2_EN_VI_049,en,vi,support,short,The application will reconnect automatically after 42 seconds.,Ứng dụng sẽ tự động kết nối lại sau 42 giây.,42,deterministic_template_v2
V2_EN_VI_050,en,vi,translation,short,Keep the name An and reference code WS-410 unchanged.,Giữ nguyên tên An và mã tham chiếu WS-410.,An | WS-410,deterministic_template_v2
V2_EN_VI_051,en,vi,operations,short,Package QA-204 will arrive in Đà Nẵng on thứ Hai.,Kiện hàng QA-204 sẽ đến Đà Nẵng vào thứ Hai.,QA-204 | Đà Nẵng | thứ Hai,deterministic_template_v2
V2_EN_VI_052,en,vi,business,short,The technical meeting starts at 08:00 in room D410.,Cuộc họp kỹ thuật bắt đầu lúc 08:00 tại phòng D410.,08:00 | D410,deterministic_template_v2
V2_EN_VI_053,en,vi,technology,short,Please restart the server after installing the update.,Vui lòng khởi động lại máy chủ sau khi cài đặt bản cập nhật.,,deterministic_template_v2
V2_EN_VI_054,en,vi,security,short,User Minh must change the password within 3 days.,Người dùng Minh phải đổi mật khẩu trong vòng 3 ngày.,Minh | 3,deterministic_template_v2
V2_EN_VI_055,en,vi,travel,medium,The train to Hải Phòng leaves at 13:45 on ngày 24 tháng 9.,Tàu đi Hải Phòng khởi hành lúc 13:45 vào ngày 24 tháng 9.,Hải Phòng | 13:45,deterministic_template_v2
V2_EN_VI_056,en,vi,healthcare,short,Take 8 tablets with water after breakfast.,Uống 8 viên thuốc với nước sau bữa sáng.,8,deterministic_template_v2
V2_EN_VI_057,en,vi,education,short,The final exam is scheduled for 17:20 on thứ Tư.,Kỳ thi cuối kỳ được tổ chức lúc 17:20 vào thứ Tư.,17:20 | thứ Tư,deterministic_template_v2
V2_EN_VI_058,en,vi,finance,short,Invoice 17 has an outstanding balance of 350.75 dollars.,Hóa đơn 17 còn số dư chưa thanh toán là 350.75 đô la.,17 | 350.75,deterministic_template_v2
V2_EN_VI_059,en,vi,support,short,The application will reconnect automatically after 21 seconds.,Ứng dụng sẽ tự động kết nối lại sau 21 giây.,21,deterministic_template_v2
V2_EN_VI_060,en,vi,translation,short,Keep the name An and reference code WS-410 unchanged.,Giữ nguyên tên An và mã tham chiếu WS-410.,An | WS-410,deterministic_template_v2
V2_EN_VI_061,en,vi,operations,short,Package QA-204 will arrive in Đà Nẵng on thứ Ba.,Kiện hàng QA-204 sẽ đến Đà Nẵng vào thứ Ba.,QA-204 | Đà Nẵng | thứ Ba,deterministic_template_v2
V2_EN_VI_062,en,vi,business,short,The technical meeting starts at 15:00 in room D410.,Cuộc họp kỹ thuật bắt đầu lúc 15:00 tại phòng D410.,15:00 | D410,deterministic_template_v2
V2_EN_VI_063,en,vi,technology,short,Please restart the server after installing the update.,Vui lòng khởi động lại máy chủ sau khi cài đặt bản cập nhật.,,deterministic_template_v2
V2_EN_VI_064,en,vi,security,short,User Minh must change the password within 64 days.,Người dùng Minh phải đổi mật khẩu trong vòng 64 ngày.,Minh | 64,deterministic_template_v2
V2_EN_VI_065,en,vi,travel,medium,The train to Hải Phòng leaves at 09:15 on thứ Hai.,Tàu đi Hải Phòng khởi hành lúc 09:15 vào thứ Hai.,Hải Phòng | 09:15,deterministic_template_v2
V2_EN_VI_066,en,vi,healthcare,short,Take 2 tablets with water after breakfast.,Uống 2 viên thuốc với nước sau bữa sáng.,2,deterministic_template_v2
V2_EN_VI_067,en,vi,education,short,The final exam is scheduled for 13:45 on thứ Năm.,Kỳ thi cuối kỳ được tổ chức lúc 13:45 vào thứ Năm.,13:45 | thứ Năm,deterministic_template_v2
V2_EN_VI_068,en,vi,finance,short,Invoice 5 has an outstanding balance of 350.75 dollars.,Hóa đơn 5 còn số dư chưa thanh toán là 350.75 đô la.,5 | 350.75,deterministic_template_v2
V2_EN_VI_069,en,vi,support,short,The application will reconnect automatically after 8 seconds.,Ứng dụng sẽ tự động kết nối lại sau 8 giây.,8,deterministic_template_v2
V2_EN_VI_070,en,vi,translation,short,Keep the name An and reference code WS-410 unchanged.,Giữ nguyên tên An và mã tham chiếu WS-410.,An | WS-410,deterministic_template_v2
V2_EN_VI_071,en,vi,operations,short,Package QA-204 will arrive in Đà Nẵng on thứ Tư.,Kiện hàng QA-204 sẽ đến Đà Nẵng vào thứ Tư.,QA-204 | Đà Nẵng | thứ Tư,deterministic_template_v2
V2_EN_VI_072,en,vi,business,short,The technical meeting starts at 10:30 in room D410.,Cuộc họp kỹ thuật bắt đầu lúc 10:30 tại phòng D410.,10:30 | D410,deterministic_template_v2
V2_EN_VI_073,en,vi,technology,short,Please restart the server after installing the update.,Vui lòng khởi động lại máy chủ sau khi cài đặt bản cập nhật.,,deterministic_template_v2
V2_EN_VI_074,en,vi,security,short,User Minh must change the password within 30 days.,Người dùng Minh phải đổi mật khẩu trong vòng 30 ngày.,Minh | 30,deterministic_template_v2
V2_EN_VI_075,en,vi,travel,medium,The train to Hải Phòng leaves at 17:20 on thứ Ba.,Tàu đi Hải Phòng khởi hành lúc 17:20 vào thứ Ba.,Hải Phòng | 17:20,deterministic_template_v2
V2_EN_VI_076,en,vi,healthcare,short,Take 56 tablets with water after breakfast.,Uống 56 viên thuốc với nước sau bữa sáng.,56,deterministic_template_v2
V2_EN_VI_077,en,vi,education,short,The final exam is scheduled for 09:15 on thứ Sáu.,Kỳ thi cuối kỳ được tổ chức lúc 09:15 vào thứ Sáu.,09:15 | thứ Sáu,deterministic_template_v2
V2_EN_VI_078,en,vi,finance,short,Invoice 75 has an outstanding balance of 350.75 dollars.,Hóa đơn 75 còn số dư chưa thanh toán là 350.75 đô la.,75 | 350.75,deterministic_template_v2
V2_EN_VI_079,en,vi,support,short,The application will reconnect automatically after 2 seconds.,Ứng dụng sẽ tự động kết nối lại sau 2 giây.,2,deterministic_template_v2
V2_EN_VI_080,en,vi,translation,short,Keep the name An and reference code WS-410 unchanged.,Giữ nguyên tên An và mã tham chiếu WS-410.,An | WS-410,deterministic_template_v2
V2_EN_VI_081,en,vi,operations,short,Package QA-204 will arrive in Đà Nẵng on thứ Năm.,Kiện hàng QA-204 sẽ đến Đà Nẵng vào thứ Năm.,QA-204 | Đà Nẵng | thứ Năm,deterministic_template_v2
V2_EN_VI_082,en,vi,business,short,The technical meeting starts at 08:00 in room D410.,Cuộc họp kỹ thuật bắt đầu lúc 08:00 tại phòng D410.,08:00 | D410,deterministic_template_v2
V2_EN_VI_083,en,vi,technology,short,Please restart the server after installing the update.,Vui lòng khởi động lại máy chủ sau khi cài đặt bản cập nhật.,,deterministic_template_v2
V2_EN_VI_084,en,vi,security,short,User Minh must change the password within 17 days.,Người dùng Minh phải đổi mật khẩu trong vòng 17 ngày.,Minh | 17,deterministic_template_v2
V2_EN_VI_085,en,vi,travel,medium,The train to Hải Phòng leaves at 13:45 on thứ Tư.,Tàu đi Hải Phòng khởi hành lúc 13:45 vào thứ Tư.,Hải Phòng | 13:45,deterministic_template_v2
V2_EN_VI_086,en,vi,healthcare,short,Take 25 tablets with water after breakfast.,Uống 25 viên thuốc với nước sau bữa sáng.,25,deterministic_template_v2
V2_EN_VI_087,en,vi,education,medium,The final exam is scheduled for 17:20 on ngày 15 tháng 9.,Kỳ thi cuối kỳ được tổ chức lúc 17:20 vào ngày 15 tháng 9.,17:20 | ngày 15 tháng 9,deterministic_template_v2
V2_EN_VI_088,en,vi,finance,short,Invoice 42 has an outstanding balance of 350.75 dollars.,Hóa đơn 42 còn số dư chưa thanh toán là 350.75 đô la.,42 | 350.75,deterministic_template_v2
V2_EN_VI_089,en,vi,support,short,The application will reconnect automatically after 56 seconds.,Ứng dụng sẽ tự động kết nối lại sau 56 giây.,56,deterministic_template_v2
V2_EN_VI_090,en,vi,translation,short,Keep the name An and reference code WS-410 unchanged.,Giữ nguyên tên An và mã tham chiếu WS-410.,An | WS-410,deterministic_template_v2
V2_EN_VI_091,en,vi,operations,short,Package QA-204 will arrive in Đà Nẵng on thứ Sáu.,Kiện hàng QA-204 sẽ đến Đà Nẵng vào thứ Sáu.,QA-204 | Đà Nẵng | thứ Sáu,deterministic_template_v2
V2_EN_VI_092,en,vi,business,short,The technical meeting starts at 15:00 in room D410.,Cuộc họp kỹ thuật bắt đầu lúc 15:00 tại phòng D410.,15:00 | D410,deterministic_template_v2
V2_EN_VI_093,en,vi,technology,short,Please restart the server after installing the update.,Vui lòng khởi động lại máy chủ sau khi cài đặt bản cập nhật.,,deterministic_template_v2
V2_EN_VI_094,en,vi,security,short,User Minh must change the password within 5 days.,Người dùng Minh phải đổi mật khẩu trong vòng 5 ngày.,Minh | 5,deterministic_template_v2
V2_EN_VI_095,en,vi,travel,medium,The train to Hải Phòng leaves at 09:15 on thứ Năm.,Tàu đi Hải Phòng khởi hành lúc 09:15 vào thứ Năm.,Hải Phòng | 09:15,deterministic_template_v2
V2_EN_VI_096,en,vi,healthcare,short,Take 12 tablets with water after breakfast.,Uống 12 viên thuốc với nước sau bữa sáng.,12,deterministic_template_v2
V2_EN_VI_097,en,vi,education,medium,The final exam is scheduled for 13:45 on ngày 24 tháng 9.,Kỳ thi cuối kỳ được tổ chức lúc 13:45 vào ngày 24 tháng 9.,13:45 | ngày 24 tháng 9,deterministic_template_v2
V2_EN_VI_098,en,vi,finance,short,Invoice 21 has an outstanding balance of 350.75 dollars.,Hóa đơn 21 còn số dư chưa thanh toán là 350.75 đô la.,21 | 350.75,deterministic_template_v2
V2_EN_VI_099,en,vi,support,short,The application will reconnect automatically after 25 seconds.,Ứng dụng sẽ tự động kết nối lại sau 25 giây.,25,deterministic_template_v2
V2_EN_VI_100,en,vi,translation,short,Keep the name An and reference code WS-410 unchanged.,Giữ nguyên tên An và mã tham chiếu WS-410.,An | WS-410,deterministic_template_v2
V2_EN_VI_101,en,vi,operations,medium,Package QA-204 will arrive in Đà Nẵng on ngày 15 tháng 9.,Kiện hàng QA-204 sẽ đến Đà Nẵng vào ngày 15 tháng 9.,QA-204 | Đà Nẵng | ngày 15 tháng 9,deterministic_template_v2
V2_EN_VI_102,en,vi,business,short,The technical meeting starts at 10:30 in room D410.,Cuộc họp kỹ thuật bắt đầu lúc 10:30 tại phòng D410.,10:30 | D410,deterministic_template_v2
V2_EN_VI_103,en,vi,technology,short,Please restart the server after installing the update.,Vui lòng khởi động lại máy chủ sau khi cài đặt bản cập nhật.,,deterministic_template_v2
V2_EN_VI_104,en,vi,security,short,User Minh must change the password within 75 days.,Người dùng Minh phải đổi mật khẩu trong vòng 75 ngày.,Minh | 75,deterministic_template_v2
V2_EN_VI_105,en,vi,travel,medium,The train to Hải Phòng leaves at 17:20 on thứ Sáu.,Tàu đi Hải Phòng khởi hành lúc 17:20 vào thứ Sáu.,Hải Phòng | 17:20,deterministic_template_v2
V2_EN_VI_106,en,vi,healthcare,short,Take 3 tablets with water after breakfast.,Uống 3 viên thuốc với nước sau bữa sáng.,3,deterministic_template_v2
V2_EN_VI_107,en,vi,education,short,The final exam is scheduled for 09:15 on thứ Hai.,Kỳ thi cuối kỳ được tổ chức lúc 09:15 vào thứ Hai.,09:15 | thứ Hai,deterministic_template_v2
V2_EN_VI_108,en,vi,finance,short,Invoice 8 has an outstanding balance of 350.75 dollars.,Hóa đơn 8 còn số dư chưa thanh toán là 350.75 đô la.,8 | 350.75,deterministic_template_v2
V2_EN_VI_109,en,vi,support,short,The application will reconnect automatically after 12 seconds.,Ứng dụng sẽ tự động kết nối lại sau 12 giây.,12,deterministic_template_v2
V2_EN_VI_110,en,vi,translation,short,Keep the name An and reference code WS-410 unchanged.,Giữ nguyên tên An và mã tham chiếu WS-410.,An | WS-410,deterministic_template_v2
V2_EN_VI_111,en,vi,operations,medium,Package QA-204 will arrive in Đà Nẵng on ngày 24 tháng 9.,Kiện hàng QA-204 sẽ đến Đà Nẵng vào ngày 24 tháng 9.,QA-204 | Đà Nẵng | ngày 24 tháng 9,deterministic_template_v2
V2_EN_VI_112,en,vi,business,short,The technical meeting starts at 08:00 in room D410.,Cuộc họp kỹ thuật bắt đầu lúc 08:00 tại phòng D410.,08:00 | D410,deterministic_template_v2
V2_EN_VI_113,en,vi,technology,short,Please restart the server after installing the update.,Vui lòng khởi động lại máy chủ sau khi cài đặt bản cập nhật.,,deterministic_template_v2
V2_EN_VI_114,en,vi,security,short,User Minh must change the password within 42 days.,Người dùng Minh phải đổi mật khẩu trong vòng 42 ngày.,Minh | 42,deterministic_template_v2
V2_EN_VI_115,en,vi,travel,medium,The train to Hải Phòng leaves at 13:45 on ngày 15 tháng 9.,Tàu đi Hải Phòng khởi hành lúc 13:45 vào ngày 15 tháng 9.,Hải Phòng | 13:45,deterministic_template_v2
V2_EN_VI_116,en,vi,healthcare,short,Take 64 tablets with water after breakfast.,Uống 64 viên thuốc với nước sau bữa sáng.,64,deterministic_template_v2
V2_EN_VI_117,en,vi,education,short,The final exam is scheduled for 17:20 on thứ Ba.,Kỳ thi cuối kỳ được tổ chức lúc 17:20 vào thứ Ba.,17:20 | thứ Ba,deterministic_template_v2
V2_EN_VI_118,en,vi,finance,short,Invoice 2 has an outstanding balance of 350.75 dollars.,Hóa đơn 2 còn số dư chưa thanh toán là 350.75 đô la.,2 | 350.75,deterministic_template_v2
V2_EN_VI_119,en,vi,support,short,The application will reconnect automatically after 3 seconds.,Ứng dụng sẽ tự động kết nối lại sau 3 giây.,3,deterministic_template_v2
V2_EN_VI_120,en,vi,translation,short,Keep the name An and reference code WS-410 unchanged.,Giữ nguyên tên An và mã tham chiếu WS-410.,An | WS-410,deterministic_template_v2
V2_EN_VI_121,en,vi,operations,short,Package QA-204 will arrive in Đà Nẵng on thứ Hai.,Kiện hàng QA-204 sẽ đến Đà Nẵng vào thứ Hai.,QA-204 | Đà Nẵng | thứ Hai,deterministic_template_v2
V2_EN_VI_122,en,vi,business,short,The technical meeting starts at 15:00 in room D410.,Cuộc họp kỹ thuật bắt đầu lúc 15:00 tại phòng D410.,15:00 | D410,deterministic_template_v2
V2_EN_VI_123,en,vi,technology,short,Please restart the server after installing the update.,Vui lòng khởi động lại máy chủ sau khi cài đặt bản cập nhật.,,deterministic_template_v2
V2_EN_VI_124,en,vi,security,short,User Minh must change the password within 21 days.,Người dùng Minh phải đổi mật khẩu trong vòng 21 ngày.,Minh | 21,deterministic_template_v2
V2_EN_VI_125,en,vi,travel,medium,The train to Hải Phòng leaves at 09:15 on ngày 24 tháng 9.,Tàu đi Hải Phòng khởi hành lúc 09:15 vào ngày 24 tháng 9.,Hải Phòng | 09:15,deterministic_template_v2
V2_EN_VI_126,en,vi,healthcare,short,Take 30 tablets with water after breakfast.,Uống 30 viên thuốc với nước sau bữa sáng.,30,deterministic_template_v2
V2_EN_VI_127,en,vi,education,short,The final exam is scheduled for 13:45 on thứ Tư.,Kỳ thi cuối kỳ được tổ chức lúc 13:45 vào thứ Tư.,13:45 | thứ Tư,deterministic_template_v2
V2_EN_VI_128,en,vi,finance,short,Invoice 56 has an outstanding balance of 350.75 dollars.,Hóa đơn 56 còn số dư chưa thanh toán là 350.75 đô la.,56 | 350.75,deterministic_template_v2
V2_EN_VI_129,en,vi,support,short,The application will reconnect automatically after 64 seconds.,Ứng dụng sẽ tự động kết nối lại sau 64 giây.,64,deterministic_template_v2
V2_EN_VI_130,en,vi,translation,short,Keep the name An and reference code WS-410 unchanged.,Giữ nguyên tên An và mã tham chiếu WS-410.,An | WS-410,deterministic_template_v2
V2_EN_VI_131,en,vi,operations,short,Package QA-204 will arrive in Đà Nẵng on thứ Ba.,Kiện hàng QA-204 sẽ đến Đà Nẵng vào thứ Ba.,QA-204 | Đà Nẵng | thứ Ba,deterministic_template_v2
V2_EN_VI_132,en,vi,business,short,The technical meeting starts at 10:30 in room D410.,Cuộc họp kỹ thuật bắt đầu lúc 10:30 tại phòng D410.,10:30 | D410,deterministic_template_v2
V2_EN_VI_133,en,vi,technology,short,Please restart the server after installing the update.,Vui lòng khởi động lại máy chủ sau khi cài đặt bản cập nhật.,,deterministic_template_v2
V2_EN_VI_134,en,vi,security,short,User Minh must change the password within 8 days.,Người dùng Minh phải đổi mật khẩu trong vòng 8 ngày.,Minh | 8,deterministic_template_v2
V2_EN_VI_135,en,vi,travel,medium,The train to Hải Phòng leaves at 17:20 on thứ Hai.,Tàu đi Hải Phòng khởi hành lúc 17:20 vào thứ Hai.,Hải Phòng | 17:20,deterministic_template_v2
V2_EN_VI_136,en,vi,healthcare,short,Take 17 tablets with water after breakfast.,Uống 17 viên thuốc với nước sau bữa sáng.,17,deterministic_template_v2
V2_EN_VI_137,en,vi,education,short,The final exam is scheduled for 09:15 on thứ Năm.,Kỳ thi cuối kỳ được tổ chức lúc 09:15 vào thứ Năm.,09:15 | thứ Năm,deterministic_template_v2
V2_EN_VI_138,en,vi,finance,short,Invoice 25 has an outstanding balance of 350.75 dollars.,Hóa đơn 25 còn số dư chưa thanh toán là 350.75 đô la.,25 | 350.75,deterministic_template_v2
V2_EN_VI_139,en,vi,support,short,The application will reconnect automatically after 30 seconds.,Ứng dụng sẽ tự động kết nối lại sau 30 giây.,30,deterministic_template_v2
V2_EN_VI_140,en,vi,translation,short,Keep the name An and reference code WS-410 unchanged.,Giữ nguyên tên An và mã tham chiếu WS-410.,An | WS-410,deterministic_template_v2
V2_EN_VI_141,en,vi,operations,short,Package QA-204 will arrive in Đà Nẵng on thứ Tư.,Kiện hàng QA-204 sẽ đến Đà Nẵng vào thứ Tư.,QA-204 | Đà Nẵng | thứ Tư,deterministic_template_v2
V2_EN_VI_142,en,vi,business,short,The technical meeting starts at 08:00 in room D410.,Cuộc họp kỹ thuật bắt đầu lúc 08:00 tại phòng D410.,08:00 | D410,deterministic_template_v2
V2_EN_VI_143,en,vi,technology,short,Please restart the server after installing the update.,Vui lòng khởi động lại máy chủ sau khi cài đặt bản cập nhật.,,deterministic_template_v2
V2_EN_VI_144,en,vi,security,short,User Minh must change the password within 2 days.,Người dùng Minh phải đổi mật khẩu trong vòng 2 ngày.,Minh | 2,deterministic_template_v2
V2_EN_VI_145,en,vi,travel,medium,The train to Hải Phòng leaves at 13:45 on thứ Ba.,Tàu đi Hải Phòng khởi hành lúc 13:45 vào thứ Ba.,Hải Phòng | 13:45,deterministic_template_v2
V2_EN_VI_146,en,vi,healthcare,short,Take 5 tablets with water after breakfast.,Uống 5 viên thuốc với nước sau bữa sáng.,5,deterministic_template_v2
V2_EN_VI_147,en,vi,education,short,The final exam is scheduled for 17:20 on thứ Sáu.,Kỳ thi cuối kỳ được tổ chức lúc 17:20 vào thứ Sáu.,17:20 | thứ Sáu,deterministic_template_v2
V2_EN_VI_148,en,vi,finance,short,Invoice 12 has an outstanding balance of 350.75 dollars.,Hóa đơn 12 còn số dư chưa thanh toán là 350.75 đô la.,12 | 350.75,deterministic_template_v2
V2_EN_VI_149,en,vi,support,short,The application will reconnect automatically after 17 seconds.,Ứng dụng sẽ tự động kết nối lại sau 17 giây.,17,deterministic_template_v2
V2_EN_VI_150,en,vi,translation,short,Keep the name An and reference code WS-410 unchanged.,Giữ nguyên tên An và mã tham chiếu WS-410.,An | WS-410,deterministic_template_v2
V2_EN_VI_151,en,vi,operations,short,Package QA-204 will arrive in Đà Nẵng on thứ Năm.,Kiện hàng QA-204 sẽ đến Đà Nẵng vào thứ Năm.,QA-204 | Đà Nẵng | thứ Năm,deterministic_template_v2
V2_EN_VI_152,en,vi,business,short,The technical meeting starts at 15:00 in room D410.,Cuộc họp kỹ thuật bắt đầu lúc 15:00 tại phòng D410.,15:00 | D410,deterministic_template_v2
V2_EN_VI_153,en,vi,technology,short,Please restart the server after installing the update.,Vui lòng khởi động lại máy chủ sau khi cài đặt bản cập nhật.,,deterministic_template_v2
V2_EN_VI_154,en,vi,security,short,User Minh must change the password within 56 days.,Người dùng Minh phải đổi mật khẩu trong vòng 56 ngày.,Minh | 56,deterministic_template_v2
V2_EN_VI_155,en,vi,travel,medium,The train to Hải Phòng leaves at 09:15 on thứ Tư.,Tàu đi Hải Phòng khởi hành lúc 09:15 vào thứ Tư.,Hải Phòng | 09:15,deterministic_template_v2
V2_EN_VI_156,en,vi,healthcare,short,Take 75 tablets with water after breakfast.,Uống 75 viên thuốc với nước sau bữa sáng.,75,deterministic_template_v2
V2_EN_VI_157,en,vi,education,medium,The final exam is scheduled for 13:45 on ngày 15 tháng 9.,Kỳ thi cuối kỳ được tổ chức lúc 13:45 vào ngày 15 tháng 9.,13:45 | ngày 15 tháng 9,deterministic_template_v2
V2_EN_VI_158,en,vi,finance,short,Invoice 3 has an outstanding balance of 350.75 dollars.,Hóa đơn 3 còn số dư chưa thanh toán là 350.75 đô la.,3 | 350.75,deterministic_template_v2
V2_EN_VI_159,en,vi,support,short,The application will reconnect automatically after 5 seconds.,Ứng dụng sẽ tự động kết nối lại sau 5 giây.,5,deterministic_template_v2
V2_EN_VI_160,en,vi,translation,short,Keep the name An and reference code WS-410 unchanged.,Giữ nguyên tên An và mã tham chiếu WS-410.,An | WS-410,deterministic_template_v2
V2_EN_VI_161,en,vi,operations,short,Package QA-204 will arrive in Đà Nẵng on thứ Sáu.,Kiện hàng QA-204 sẽ đến Đà Nẵng vào thứ Sáu.,QA-204 | Đà Nẵng | thứ Sáu,deterministic_template_v2
V2_EN_VI_162,en,vi,business,short,The technical meeting starts at 10:30 in room D410.,Cuộc họp kỹ thuật bắt đầu lúc 10:30 tại phòng D410.,10:30 | D410,deterministic_template_v2
V2_EN_VI_163,en,vi,technology,short,Please restart the server after installing the update.,Vui lòng khởi động lại máy chủ sau khi cài đặt bản cập nhật.,,deterministic_template_v2
V2_EN_VI_164,en,vi,security,short,User Minh must change the password within 25 days.,Người dùng Minh phải đổi mật khẩu trong vòng 25 ngày.,Minh | 25,deterministic_template_v2
V2_EN_VI_165,en,vi,travel,medium,The train to Hải Phòng leaves at 17:20 on thứ Năm.,Tàu đi Hải Phòng khởi hành lúc 17:20 vào thứ Năm.,Hải Phòng | 17:20,deterministic_template_v2
V2_EN_VI_166,en,vi,healthcare,short,Take 42 tablets with water after breakfast.,Uống 42 viên thuốc với nước sau bữa sáng.,42,deterministic_template_v2
V2_EN_VI_167,en,vi,education,medium,The final exam is scheduled for 09:15 on ngày 24 tháng 9.,Kỳ thi cuối kỳ được tổ chức lúc 09:15 vào ngày 24 tháng 9.,09:15 | ngày 24 tháng 9,deterministic_template_v2
V2_EN_VI_168,en,vi,finance,short,Invoice 64 has an outstanding balance of 350.75 dollars.,Hóa đơn 64 còn số dư chưa thanh toán là 350.75 đô la.,64 | 350.75,deterministic_template_v2
V2_EN_VI_169,en,vi,support,short,The application will reconnect automatically after 75 seconds.,Ứng dụng sẽ tự động kết nối lại sau 75 giây.,75,deterministic_template_v2
V2_EN_VI_170,en,vi,translation,short,Keep the name An and reference code WS-410 unchanged.,Giữ nguyên tên An và mã tham chiếu WS-410.,An | WS-410,deterministic_template_v2
V2_EN_VI_171,en,vi,operations,medium,Package QA-204 will arrive in Đà Nẵng on ngày 15 tháng 9.,Kiện hàng QA-204 sẽ đến Đà Nẵng vào ngày 15 tháng 9.,QA-204 | Đà Nẵng | ngày 15 tháng 9,deterministic_template_v2
V2_EN_VI_172,en,vi,business,short,The technical meeting starts at 08:00 in room D410.,Cuộc họp kỹ thuật bắt đầu lúc 08:00 tại phòng D410.,08:00 | D410,deterministic_template_v2
V2_EN_VI_173,en,vi,technology,short,Please restart the server after installing the update.,Vui lòng khởi động lại máy chủ sau khi cài đặt bản cập nhật.,,deterministic_template_v2
V2_EN_VI_174,en,vi,security,short,User Minh must change the password within 12 days.,Người dùng Minh phải đổi mật khẩu trong vòng 12 ngày.,Minh | 12,deterministic_template_v2
V2_EN_VI_175,en,vi,travel,medium,The train to Hải Phòng leaves at 13:45 on thứ Sáu.,Tàu đi Hải Phòng khởi hành lúc 13:45 vào thứ Sáu.,Hải Phòng | 13:45,deterministic_template_v2
V2_EN_VI_176,en,vi,healthcare,short,Take 21 tablets with water after breakfast.,Uống 21 viên thuốc với nước sau bữa sáng.,21,deterministic_template_v2
V2_EN_VI_177,en,vi,education,short,The final exam is scheduled for 17:20 on thứ Hai.,Kỳ thi cuối kỳ được tổ chức lúc 17:20 vào thứ Hai.,17:20 | thứ Hai,deterministic_template_v2
V2_EN_VI_178,en,vi,finance,short,Invoice 30 has an outstanding balance of 350.75 dollars.,Hóa đơn 30 còn số dư chưa thanh toán là 350.75 đô la.,30 | 350.75,deterministic_template_v2
V2_EN_VI_179,en,vi,support,short,The application will reconnect automatically after 42 seconds.,Ứng dụng sẽ tự động kết nối lại sau 42 giây.,42,deterministic_template_v2
V2_EN_VI_180,en,vi,translation,short,Keep the name An and reference code WS-410 unchanged.,Giữ nguyên tên An và mã tham chiếu WS-410.,An | WS-410,deterministic_template_v2
V2_EN_VI_181,en,vi,operations,medium,Package QA-204 will arrive in Đà Nẵng on ngày 24 tháng 9.,Kiện hàng QA-204 sẽ đến Đà Nẵng vào ngày 24 tháng 9.,QA-204 | Đà Nẵng | ngày 24 tháng 9,deterministic_template_v2
V2_EN_VI_182,en,vi,business,short,The technical meeting starts at 15:00 in room D410.,Cuộc họp kỹ thuật bắt đầu lúc 15:00 tại phòng D410.,15:00 | D410,deterministic_template_v2
V2_EN_VI_183,en,vi,technology,short,Please restart the server after installing the update.,Vui lòng khởi động lại máy chủ sau khi cài đặt bản cập nhật.,,deterministic_template_v2
V2_EN_VI_184,en,vi,security,short,User Minh must change the password within 3 days.,Người dùng Minh phải đổi mật khẩu trong vòng 3 ngày.,Minh | 3,deterministic_template_v2
V2_EN_VI_185,en,vi,travel,medium,The train to Hải Phòng leaves at 09:15 on ngày 15 tháng 9.,Tàu đi Hải Phòng khởi hành lúc 09:15 vào ngày 15 tháng 9.,Hải Phòng | 09:15,deterministic_template_v2
V2_EN_VI_186,en,vi,healthcare,short,Take 8 tablets with water after breakfast.,Uống 8 viên thuốc với nước sau bữa sáng.,8,deterministic_template_v2
V2_EN_VI_187,en,vi,education,short,The final exam is scheduled for 13:45 on thứ Ba.,Kỳ thi cuối kỳ được tổ chức lúc 13:45 vào thứ Ba.,13:45 | thứ Ba,deterministic_template_v2
V2_EN_VI_188,en,vi,finance,short,Invoice 17 has an outstanding balance of 350.75 dollars.,Hóa đơn 17 còn số dư chưa thanh toán là 350.75 đô la.,17 | 350.75,deterministic_template_v2
V2_EN_VI_189,en,vi,support,short,The application will reconnect automatically after 21 seconds.,Ứng dụng sẽ tự động kết nối lại sau 21 giây.,21,deterministic_template_v2
V2_EN_VI_190,en,vi,translation,short,Keep the name An and reference code WS-410 unchanged.,Giữ nguyên tên An và mã tham chiếu WS-410.,An | WS-410,deterministic_template_v2
V2_EN_VI_191,en,vi,operations,short,Package QA-204 will arrive in Đà Nẵng on thứ Hai.,Kiện hàng QA-204 sẽ đến Đà Nẵng vào thứ Hai.,QA-204 | Đà Nẵng | thứ Hai,deterministic_template_v2
V2_EN_VI_192,en,vi,business,short,The technical meeting starts at 10:30 in room D410.,Cuộc họp kỹ thuật bắt đầu lúc 10:30 tại phòng D410.,10:30 | D410,deterministic_template_v2
V2_EN_VI_193,en,vi,technology,short,Please restart the server after installing the update.,Vui lòng khởi động lại máy chủ sau khi cài đặt bản cập nhật.,,deterministic_template_v2
V2_EN_VI_194,en,vi,security,short,User Minh must change the password within 64 days.,Người dùng Minh phải đổi mật khẩu trong vòng 64 ngày.,Minh | 64,deterministic_template_v2
V2_EN_VI_195,en,vi,travel,medium,The train to Hải Phòng leaves at 17:20 on ngày 24 tháng 9.,Tàu đi Hải Phòng khởi hành lúc 17:20 vào ngày 24 tháng 9.,Hải Phòng | 17:20,deterministic_template_v2
V2_EN_VI_196,en,vi,healthcare,short,Take 2 tablets with water after breakfast.,Uống 2 viên thuốc với nước sau bữa sáng.,2,deterministic_template_v2
V2_EN_VI_197,en,vi,education,short,The final exam is scheduled for 09:15 on thứ Tư.,Kỳ thi cuối kỳ được tổ chức lúc 09:15 vào thứ Tư.,09:15 | thứ Tư,deterministic_template_v2
V2_EN_VI_198,en,vi,finance,short,Invoice 5 has an outstanding balance of 350.75 dollars.,Hóa đơn 5 còn số dư chưa thanh toán là 350.75 đô la.,5 | 350.75,deterministic_template_v2
V2_EN_VI_199,en,vi,support,short,The application will reconnect automatically after 8 seconds.,Ứng dụng sẽ tự động kết nối lại sau 8 giây.,8,deterministic_template_v2
V2_EN_VI_200,en,vi,translation,short,Keep the name An and reference code WS-410 unchanged.,Giữ nguyên tên An và mã tham chiếu WS-410.,An | WS-410,deterministic_template_v2
V2_EN_VI_201,en,vi,operations,short,Package QA-204 will arrive in Đà Nẵng on thứ Ba.,Kiện hàng QA-204 sẽ đến Đà Nẵng vào thứ Ba.,QA-204 | Đà Nẵng | thứ Ba,deterministic_template_v2
V2_EN_VI_202,en,vi,business,short,The technical meeting starts at 08:00 in room D410.,Cuộc họp kỹ thuật bắt đầu lúc 08:00 tại phòng D410.,08:00 | D410,deterministic_template_v2
V2_EN_VI_203,en,vi,technology,short,Please restart the server after installing the update.,Vui lòng khởi động lại máy chủ sau khi cài đặt bản cập nhật.,,deterministic_template_v2
V2_EN_VI_204,en,vi,security,short,User Minh must change the password within 30 days.,Người dùng Minh phải đổi mật khẩu trong vòng 30 ngày.,Minh | 30,deterministic_template_v2
V2_EN_VI_205,en,vi,travel,medium,The train to Hải Phòng leaves at 13:45 on thứ Hai.,Tàu đi Hải Phòng khởi hành lúc 13:45 vào thứ Hai.,Hải Phòng | 13:45,deterministic_template_v2
V2_EN_VI_206,en,vi,healthcare,short,Take 56 tablets with water after breakfast.,Uống 56 viên thuốc với nước sau bữa sáng.,56,deterministic_template_v2
V2_EN_VI_207,en,vi,education,short,The final exam is scheduled for 17:20 on thứ Năm.,Kỳ thi cuối kỳ được tổ chức lúc 17:20 vào thứ Năm.,17:20 | thứ Năm,deterministic_template_v2
V2_EN_VI_208,en,vi,finance,short,Invoice 75 has an outstanding balance of 350.75 dollars.,Hóa đơn 75 còn số dư chưa thanh toán là 350.75 đô la.,75 | 350.75,deterministic_template_v2
V2_EN_VI_209,en,vi,support,short,The application will reconnect automatically after 2 seconds.,Ứng dụng sẽ tự động kết nối lại sau 2 giây.,2,deterministic_template_v2
V2_EN_VI_210,en,vi,translation,short,Keep the name An and reference code WS-410 unchanged.,Giữ nguyên tên An và mã tham chiếu WS-410.,An | WS-410,deterministic_template_v2
V2_EN_VI_211,en,vi,operations,short,Package QA-204 will arrive in Đà Nẵng on thứ Tư.,Kiện hàng QA-204 sẽ đến Đà Nẵng vào thứ Tư.,QA-204 | Đà Nẵng | thứ Tư,deterministic_template_v2
V2_EN_VI_212,en,vi,business,short,The technical meeting starts at 15:00 in room D410.,Cuộc họp kỹ thuật bắt đầu lúc 15:00 tại phòng D410.,15:00 | D410,deterministic_template_v2
V2_EN_VI_213,en,vi,technology,short,Please restart the server after installing the update.,Vui lòng khởi động lại máy chủ sau khi cài đặt bản cập nhật.,,deterministic_template_v2
V2_EN_VI_214,en,vi,security,short,User Minh must change the password within 17 days.,Người dùng Minh phải đổi mật khẩu trong vòng 17 ngày.,Minh | 17,deterministic_template_v2
V2_EN_VI_215,en,vi,travel,medium,The train to Hải Phòng leaves at 09:15 on thứ Ba.,Tàu đi Hải Phòng khởi hành lúc 09:15 vào thứ Ba.,Hải Phòng | 09:15,deterministic_template_v2
V2_EN_VI_216,en,vi,healthcare,short,Take 25 tablets with water after breakfast.,Uống 25 viên thuốc với nước sau bữa sáng.,25,deterministic_template_v2
V2_EN_VI_217,en,vi,education,short,The final exam is scheduled for 13:45 on thứ Sáu.,Kỳ thi cuối kỳ được tổ chức lúc 13:45 vào thứ Sáu.,13:45 | thứ Sáu,deterministic_template_v2
V2_EN_VI_218,en,vi,finance,short,Invoice 42 has an outstanding balance of 350.75 dollars.,Hóa đơn 42 còn số dư chưa thanh toán là 350.75 đô la.,42 | 350.75,deterministic_template_v2
V2_EN_VI_219,en,vi,support,short,The application will reconnect automatically after 56 seconds.,Ứng dụng sẽ tự động kết nối lại sau 56 giây.,56,deterministic_template_v2
V2_EN_VI_220,en,vi,translation,short,Keep the name An and reference code WS-410 unchanged.,Giữ nguyên tên An và mã tham chiếu WS-410.,An | WS-410,deterministic_template_v2
V2_EN_VI_221,en,vi,operations,short,Package QA-204 will arrive in Đà Nẵng on thứ Năm.,Kiện hàng QA-204 sẽ đến Đà Nẵng vào thứ Năm.,QA-204 | Đà Nẵng | thứ Năm,deterministic_template_v2
V2_EN_VI_222,en,vi,business,short,The technical meeting starts at 10:30 in room D410.,Cuộc họp kỹ thuật bắt đầu lúc 10:30 tại phòng D410.,10:30 | D410,deterministic_template_v2
V2_EN_VI_223,en,vi,technology,short,Please restart the server after installing the update.,Vui lòng khởi động lại máy chủ sau khi cài đặt bản cập nhật.,,deterministic_template_v2
V2_EN_VI_224,en,vi,security,short,User Minh must change the password within 5 days.,Người dùng Minh phải đổi mật khẩu trong vòng 5 ngày.,Minh | 5,deterministic_template_v2
V2_EN_VI_225,en,vi,travel,medium,The train to Hải Phòng leaves at 17:20 on thứ Tư.,Tàu đi Hải Phòng khởi hành lúc 17:20 vào thứ Tư.,Hải Phòng | 17:20,deterministic_template_v2
V2_EN_VI_226,en,vi,healthcare,short,Take 12 tablets with water after breakfast.,Uống 12 viên thuốc với nước sau bữa sáng.,12,deterministic_template_v2
V2_EN_VI_227,en,vi,education,medium,The final exam is scheduled for 09:15 on ngày 15 tháng 9.,Kỳ thi cuối kỳ được tổ chức lúc 09:15 vào ngày 15 tháng 9.,09:15 | ngày 15 tháng 9,deterministic_template_v2
V2_EN_VI_228,en,vi,finance,short,Invoice 21 has an outstanding balance of 350.75 dollars.,Hóa đơn 21 còn số dư chưa thanh toán là 350.75 đô la.,21 | 350.75,deterministic_template_v2
V2_EN_VI_229,en,vi,support,short,The application will reconnect automatically after 25 seconds.,Ứng dụng sẽ tự động kết nối lại sau 25 giây.,25,deterministic_template_v2
V2_EN_VI_230,en,vi,translation,short,Keep the name An and reference code WS-410 unchanged.,Giữ nguyên tên An và mã tham chiếu WS-410.,An | WS-410,deterministic_template_v2
V2_EN_VI_231,en,vi,operations,short,Package QA-204 will arrive in Đà Nẵng on thứ Sáu.,Kiện hàng QA-204 sẽ đến Đà Nẵng vào thứ Sáu.,QA-204 | Đà Nẵng | thứ Sáu,deterministic_template_v2
V2_EN_VI_232,en,vi,business,short,The technical meeting starts at 08:00 in room D410.,Cuộc họp kỹ thuật bắt đầu lúc 08:00 tại phòng D410.,08:00 | D410,deterministic_template_v2
V2_EN_VI_233,en,vi,technology,short,Please restart the server after installing the update.,Vui lòng khởi động lại máy chủ sau khi cài đặt bản cập nhật.,,deterministic_template_v2
V2_EN_VI_234,en,vi,security,short,User Minh must change the password within 75 days.,Người dùng Minh phải đổi mật khẩu trong vòng 75 ngày.,Minh | 75,deterministic_template_v2
V2_EN_VI_235,en,vi,travel,medium,The train to Hải Phòng leaves at 13:45 on thứ Năm.,Tàu đi Hải Phòng khởi hành lúc 13:45 vào thứ Năm.,Hải Phòng | 13:45,deterministic_template_v2
V2_EN_VI_236,en,vi,healthcare,short,Take 3 tablets with water after breakfast.,Uống 3 viên thuốc với nước sau bữa sáng.,3,deterministic_template_v2
V2_EN_VI_237,en,vi,education,medium,The final exam is scheduled for 17:20 on ngày 24 tháng 9.,Kỳ thi cuối kỳ được tổ chức lúc 17:20 vào ngày 24 tháng 9.,17:20 | ngày 24 tháng 9,deterministic_template_v2
V2_EN_VI_238,en,vi,finance,short,Invoice 8 has an outstanding balance of 350.75 dollars.,Hóa đơn 8 còn số dư chưa thanh toán là 350.75 đô la.,8 | 350.75,deterministic_template_v2
V2_EN_VI_239,en,vi,support,short,The application will reconnect automatically after 12 seconds.,Ứng dụng sẽ tự động kết nối lại sau 12 giây.,12,deterministic_template_v2
V2_EN_VI_240,en,vi,translation,short,Keep the name An and reference code WS-410 unchanged.,Giữ nguyên tên An và mã tham chiếu WS-410.,An | WS-410,deterministic_template_v2
V2_EN_VI_241,en,vi,operations,medium,Package QA-204 will arrive in Đà Nẵng on ngày 15 tháng 9.,Kiện hàng QA-204 sẽ đến Đà Nẵng vào ngày 15 tháng 9.,QA-204 | Đà Nẵng | ngày 15 tháng 9,deterministic_template_v2
V2_EN_VI_242,en,vi,business,short,The technical meeting starts at 15:00 in room D410.,Cuộc họp kỹ thuật bắt đầu lúc 15:00 tại phòng D410.,15:00 | D410,deterministic_template_v2
V2_EN_VI_243,en,vi,technology,short,Please restart the server after installing the update.,Vui lòng khởi động lại máy chủ sau khi cài đặt bản cập nhật.,,deterministic_template_v2
V2_EN_VI_244,en,vi,security,short,User Minh must change the password within 42 days.,Người dùng Minh phải đổi mật khẩu trong vòng 42 ngày.,Minh | 42,deterministic_template_v2
V2_EN_VI_245,en,vi,travel,medium,The train to Hải Phòng leaves at 09:15 on thứ Sáu.,Tàu đi Hải Phòng khởi hành lúc 09:15 vào thứ Sáu.,Hải Phòng | 09:15,deterministic_template_v2
V2_EN_VI_246,en,vi,healthcare,short,Take 64 tablets with water after breakfast.,Uống 64 viên thuốc với nước sau bữa sáng.,64,deterministic_template_v2
V2_EN_VI_247,en,vi,education,short,The final exam is scheduled for 13:45 on thứ Hai.,Kỳ thi cuối kỳ được tổ chức lúc 13:45 vào thứ Hai.,13:45 | thứ Hai,deterministic_template_v2
V2_EN_VI_248,en,vi,finance,short,Invoice 2 has an outstanding balance of 350.75 dollars.,Hóa đơn 2 còn số dư chưa thanh toán là 350.75 đô la.,2 | 350.75,deterministic_template_v2
V2_EN_VI_249,en,vi,support,short,The application will reconnect automatically after 3 seconds.,Ứng dụng sẽ tự động kết nối lại sau 3 giây.,3,deterministic_template_v2
V2_EN_VI_250,en,vi,translation,short,Keep the name An and reference code WS-410 unchanged.,Giữ nguyên tên An và mã tham chiếu WS-410.,An | WS-410,deterministic_template_v2
