case_id,condition,source_lang,reference,file,duration_seconds,snr_db,tts_latency_ms,sha256,hypothesis,word_errors,reference_words,wer,stt_latency_ms,realtime_factor
V2_VI_EN_001,clean,vi,Đơn hàng 2 sẽ được giao đến Đà Nẵng vào thứ Tư.,docs/progress_2026-09-24/evidence/audio_benchmark_v2/V2_VI_EN_001_clean.wav,4.208,,1343.262,63c8637f1b221a11e6b2ad785ea9def0e39c8e60fda9c0485d9f8d8835731d49,Đơn hàng ị sẽ được trao đến Đà Nẵng vào thứ tư.,2,12,0.1667,840.496,0.1997
V2_VI_EN_001,noisy_15db,vi,Đơn hàng 2 sẽ được giao đến Đà Nẵng vào thứ Tư.,docs/progress_2026-09-24/evidence/audio_benchmark_v2/V2_VI_EN_001_noisy_15db.wav,4.208,15.0,1343.262,f75f4001b734474ac407c08e6413f58bb916266217896832d235209d66ee2b52,Đơn hàng thì sẽ được trao đến Đà Nẵng vào thứ tư.,2,12,0.1667,436.903,0.1038
V2_VI_EN_002,clean,vi,Cuộc họp kỹ thuật bắt đầu lúc 15:00 tại phòng D410.,docs/progress_2026-09-24/evidence/audio_benchmark_v2/V2_VI_EN_002_clean.wav,3.248,,301.08,38ecf1505b7285161b32962cd90782ba8696872ce7c957f6692a9233f670e811,Cộng học thỹ thuật bắt đầu lúc tải phong.,8,12,0.6667,347.825,0.1071
V2_VI_EN_002,noisy_15db,vi,Cuộc họp kỹ thuật bắt đầu lúc 15:00 tại phòng D410.,docs/progress_2026-09-24/evidence/audio_benchmark_v2/V2_VI_EN_002_noisy_15db.wav,3.248,15.0,301.08,df8b97a5965c1561e13f67ba2ea562d128c437e6e729fd5c2bf87207591f76a7,Cộng học thỹ thuật bắt đầu lúc tải phong.,8,12,0.6667,324.795,0.1
V2_VI_EN_003,clean,vi,Vui lòng sao lưu máy chủ trước khi cập nhật hệ thống.,docs/progress_2026-09-24/evidence/audio_benchmark_v2/V2_VI_EN_003_clean.wav,3.968,,415.795,e1514bd4fbbdde31565dc2959afdbb5c07a1ed61accb82ce7b55310331b4551c,Vui lòng sau lưu máy chủ trước khi cập nhật hệ thống.,1,12,0.0833,436.22,0.1099
V2_VI_EN_003,noisy_15db,vi,Vui lòng sao lưu máy chủ trước khi cập nhật hệ thống.,docs/progress_2026-09-24/evidence/audio_benchmark_v2/V2_VI_EN_003_noisy_15db.wav,3.968,15.0,415.795,96447112217f4470d5e73a8bd7a29679737ca15475c129cc3524cc31f9c0b848,Vui lòng sao lưu máy chủ trước khi cập nhật hệ thống.,0,12,0.0,497.949,0.1255
V2_VI_EN_004,clean,vi,Tài khoản Minh bị khóa sau 8 lần đăng nhập sai.,docs/progress_2026-09-24/evidence/audio_benchmark_v2/V2_VI_EN_004_clean.wav,4.224,,141.217,995fbeb715f8df8cc1b7dec763f741b95e33d7730845c4b26da708849afcde5a,Ai khoảng minh bị khoa sau lần đăng nhập sai?,4,11,0.3636,370.439,0.0877
V2_VI_EN_004,noisy_15db,vi,Tài khoản Minh bị khóa sau 8 lần đăng nhập sai.,docs/progress_2026-09-24/evidence/audio_benchmark_v2/V2_VI_EN_004_noisy_15db.wav,4.224,15.0,141.217,4c194334f57af3dfa133f28f338106690544c424e67ae5db292adc48cd88bb44,Ai khoảng binh bị khoa sau lần đăng nhập sai?,5,11,0.4545,294.981,0.0698
V2_VI_EN_005,clean,vi,Chuyến bay đến Hải Phòng khởi hành lúc 09:15 vào thứ Ba.,docs/progress_2026-09-24/evidence/audio_benchmark_v2/V2_VI_EN_005_clean.wav,3.696,,131.654,1b63b557fa6cc4e366029bdff06a720b55991d01c2faf3c9ec7cb29782bf3c5b,"Chuyến bay đến hải phòng Khởi Hành, lúc vào thứ Ba.",2,13,0.1538,326.805,0.0884
V2_VI_EN_005,noisy_15db,vi,Chuyến bay đến Hải Phòng khởi hành lúc 09:15 vào thứ Ba.,docs/progress_2026-09-24/evidence/audio_benchmark_v2/V2_VI_EN_005_noisy_15db.wav,3.696,15.0,131.654,597e8c5d74e6847b03bf9eb49fd3a129b09b830631ef6f01d010158b70c70c0b,"chuyến bay đến Hà Phòng Khởi Hành, lúc vào thứ ba.",3,13,0.2308,297.77,0.0806
V2_VI_EN_006,clean,vi,Bệnh nhân cần uống 17 viên thuốc sau bữa ăn.,docs/progress_2026-09-24/evidence/audio_benchmark_v2/V2_VI_EN_006_clean.wav,3.52,,154.258,779c198feb0f7a9755057a5a6991c346f397bddd400fe85665df027a55387715,Bệnh nhân cần uống riêng thuốc sau bữa ăn.,2,10,0.2,271.106,0.077
V2_VI_EN_006,noisy_15db,vi,Bệnh nhân cần uống 17 viên thuốc sau bữa ăn.,docs/progress_2026-09-24/evidence/audio_benchmark_v2/V2_VI_EN_006_noisy_15db.wav,3.52,15.0,154.258,d70a0e5c10740bf14a9297e2b00ffd29f72bc15e3934bcd3061f09676f62e9a2,Bệnh nhân cần uống diên thuốc sau bữa ăn.,2,10,0.2,278.007,0.079
V2_VI_EN_007,clean,vi,Sinh viên phải nộp bài trước 13:45 ngày thứ Sáu.,docs/progress_2026-09-24/evidence/audio_benchmark_v2/V2_VI_EN_007_clean.wav,4.144,,137.143,dc1233244abdbae83704dce4ff113c12f0f0379cc2a47d07215008fb838649a6,Xin yên phạy nộp bài trước ngày thứ 6.,6,11,0.5455,267.278,0.0645
V2_VI_EN_007,noisy_15db,vi,Sinh viên phải nộp bài trước 13:45 ngày thứ Sáu.,docs/progress_2026-09-24/evidence/audio_benchmark_v2/V2_VI_EN_007_noisy_15db.wav,4.144,15.0,137.143,2c472fc37ad44260515496601e21a487ddd2a3aa7021c8ca51489e160f3797c6,Xin yên phạy nộp bài trước ngày thứ 6.,6,11,0.5455,282.958,0.0683
V2_VI_EN_008,clean,vi,Hóa đơn 25 có tổng giá trị là 350.75 đô la.,docs/progress_2026-09-24/evidence/audio_benchmark_v2/V2_VI_EN_008_clean.wav,3.056,,119.761,49328cebb96a6623fde7d11ff71d14ab2edeb0f5e04d0edeeab86914a513aab8,Khó đơn em có tổng giá kỳ là đô la.,5,12,0.4167,291.892,0.0955
V2_VI_EN_008,noisy_15db,vi,Hóa đơn 25 có tổng giá trị là 350.75 đô la.,docs/progress_2026-09-24/evidence/audio_benchmark_v2/V2_VI_EN_008_noisy_15db.wav,3.056,15.0,119.761,ad2658884cbff38ebe166d51032b9d25c1e956214b11ffca81d4180610a14a54,khó đơn em có tổng giá thì là đô ra,6,12,0.5,264.554,0.0866
V2_VI_EN_009,clean,vi,"Nếu mất kết nối, ứng dụng sẽ thử lại sau 30 giây.",docs/progress_2026-09-24/evidence/audio_benchmark_v2/V2_VI_EN_009_clean.wav,4.096,,109.939,ff736d8ca963b4237a1461609aa853398495531d0a2702a235541d0d6e28bdec,"Nếu mất kết nối ứng dụng, sẽ thử lại sau dây.",2,12,0.1667,337.036,0.0823
V2_VI_EN_009,noisy_15db,vi,"Nếu mất kết nối, ứng dụng sẽ thử lại sau 30 giây.",docs/progress_2026-09-24/evidence/audio_benchmark_v2/V2_VI_EN_009_noisy_15db.wav,4.096,15.0,109.939,9b8e3a85fc92e7416b937a037a98f39cf96c0eae8e90a339a4c6c6bb1ec3c225,nếu mất kết nối ứng dụng sẽ thử lại sau dây.,2,12,0.1667,361.493,0.0883
V2_VI_EN_010,clean,vi,Bản dịch phải giữ nguyên tên An và mã WS-410.,docs/progress_2026-09-24/evidence/audio_benchmark_v2/V2_VI_EN_010_clean.wav,3.616,,117.419,2722dff06220ef06993cee473f9e77a8c6e4a0ebb25b7d25a84ac92f20cbec5e,Bạn dựng phải giữ nguyên tương an ra Mashi.,7,11,0.6364,285.402,0.0789
V2_VI_EN_010,noisy_15db,vi,Bản dịch phải giữ nguyên tên An và mã WS-410.,docs/progress_2026-09-24/evidence/audio_benchmark_v2/V2_VI_EN_010_noisy_15db.wav,3.616,15.0,117.419,7e5847c18823528e1218fcb6ea878d845565319844ca0b6aac060c208c776f30,bạn dịch phải giữ nguyên đơn anh ra Mà Sĩ.,7,11,0.6364,278.358,0.077
V2_VI_EN_011,clean,vi,Đơn hàng 56 sẽ được giao đến Đà Nẵng vào thứ Năm.,docs/progress_2026-09-24/evidence/audio_benchmark_v2/V2_VI_EN_011_clean.wav,4.72,,109.34,fea42197d5755559614bc036323ee1ae12c4b5f0db11043087c62d6c055aebb7,Đừng hàng sẽ được giao đến đà Nướng vào thứ Nong.,4,12,0.3333,354.317,0.0751
V2_VI_EN_011,noisy_15db,vi,Đơn hàng 56 sẽ được giao đến Đà Nẵng vào thứ Năm.,docs/progress_2026-09-24/evidence/audio_benchmark_v2/V2_VI_EN_011_noisy_15db.wav,4.72,15.0,109.34,680465644a20c07855701862b905698c68205e22ab66d39d29cc0a91dd487942,Đưng hàng sẽ được giao đến đà Nướng vào thứ Năm.,3,12,0.25,322.265,0.0683
V2_VI_EN_012,clean,vi,Cuộc họp kỹ thuật bắt đầu lúc 10:30 tại phòng D410.,docs/progress_2026-09-24/evidence/audio_benchmark_v2/V2_VI_EN_012_clean.wav,3.36,,122.207,1a6efbd20a57d4e38624f9de0ee1b800dbefbfdd1f6d1fb831de2df7d24fa3ca,cuộc học kỹ thuật bắt đầu lúc tại phòng.,4,12,0.3333,252.71,0.0752
V2_VI_EN_012,noisy_15db,vi,Cuộc họp kỹ thuật bắt đầu lúc 10:30 tại phòng D410.,docs/progress_2026-09-24/evidence/audio_benchmark_v2/V2_VI_EN_012_noisy_15db.wav,3.36,15.0,122.207,0e85f674834b6bfc51b2f5f9ae26b2cdecb6ad76f5b474f79cb605d5ecc57ce3,Cụa học kỹ thuật bắt đầu lúc tại phòng.,5,12,0.4167,273.553,0.0814
V2_VI_EN_013,clean,vi,Vui lòng sao lưu máy chủ trước khi cập nhật hệ thống.,docs/progress_2026-09-24/evidence/audio_benchmark_v2/V2_VI_EN_013_clean.wav,4.112,,156.597,ca416e77d1d9c539bfca9452b5d0fc4503b01f9fcdbb0b0b5f7cb3c2fb56d62c,Vui lòng sao lũ máy chủ trước khi cập nhật hệ thống.,1,12,0.0833,412.022,0.1002
V2_VI_EN_013,noisy_15db,vi,Vui lòng sao lưu máy chủ trước khi cập nhật hệ thống.,docs/progress_2026-09-24/evidence/audio_benchmark_v2/V2_VI_EN_013_noisy_15db.wav,4.112,15.0,156.597,d05221e6b95987d7f904e742a448b4bc58379f4d65b46318b9dbed1b5af971d5,Vui lòng sao lưu máy chủ trước khi cập nhật hệ thống.,0,12,0.0,366.122,0.089
V2_VI_EN_014,clean,vi,Tài khoản Minh bị khóa sau 2 lần đăng nhập sai.,docs/progress_2026-09-24/evidence/audio_benchmark_v2/V2_VI_EN_014_clean.wav,4.208,,103.658,79dfcd091c111c6d46535e81b40fc39301f1dc8f55052d0f541013a724f1fa4d,"Tại quảng Minh bị khó sau, lần đăng nhập sai.",4,11,0.3636,351.532,0.0835
V2_VI_EN_014,noisy_15db,vi,Tài khoản Minh bị khóa sau 2 lần đăng nhập sai.,docs/progress_2026-09-24/evidence/audio_benchmark_v2/V2_VI_EN_014_noisy_15db.wav,4.208,15.0,103.658,6dc757722a42e1c10129685c737fa26045d10abe0236a65652a6de14f2dbca26,tại quảng Minh bị khó sau lần đăng nhập sai.,4,11,0.3636,297.999,0.0708
V2_VI_EN_015,clean,vi,Chuyến bay đến Hải Phòng khởi hành lúc 17:20 vào thứ Tư.,docs/progress_2026-09-24/evidence/audio_benchmark_v2/V2_VI_EN_015_clean.wav,4.32,,174.758,cb947e4c0eac7224c62a0648e8ccff1d45573f074e9e559d42d0ca588f1faccd,Chứng bay đến hai phòng khởi Hành Lúc E vào thức đó.,6,13,0.4615,322.509,0.0747
V2_VI_EN_015,noisy_15db,vi,Chuyến bay đến Hải Phòng khởi hành lúc 17:20 vào thứ Tư.,docs/progress_2026-09-24/evidence/audio_benchmark_v2/V2_VI_EN_015_noisy_15db.wav,4.32,15.0,174.758,9241ad6b0a53ff4cd31c7a5a5dcd0938b00268fd4812288e678350f475c33e4d,"Chứng bay đến hai phòng, khởi hành lúc e vào thức đó.",6,13,0.4615,324.77,0.0752
V2_VI_EN_016,clean,vi,Bệnh nhân cần uống 5 viên thuốc sau bữa ăn.,docs/progress_2026-09-24/evidence/audio_benchmark_v2/V2_VI_EN_016_clean.wav,3.6,,149.79,1850e699b9970278e3f7632824b50bb50243f891b213f376ac52378942d8c550,Bệnh nhân cần uống viên thuốc sau đưa anh.,3,10,0.3,307.162,0.0853
V2_VI_EN_016,noisy_15db,vi,Bệnh nhân cần uống 5 viên thuốc sau bữa ăn.,docs/progress_2026-09-24/evidence/audio_benchmark_v2/V2_VI_EN_016_noisy_15db.wav,3.6,15.0,149.79,becc1f969b01608afb16ae06af5ccd117d83288a359fa51efe17fb55eaefebdb,Bệnh nhân cần uống riêng thuốc sau bưa anh.,4,10,0.4,348.928,0.0969
V2_VI_EN_017,clean,vi,Sinh viên phải nộp bài trước 09:15 ngày ngày 15 tháng 9.,docs/progress_2026-09-24/evidence/audio_benchmark_v2/V2_VI_EN_017_clean.wav,4.304,,141.647,99ce6b814b0c458de65ae7bbd7287684874111a53692c67b89a500631968d881,Xin diêng phải lộp bài trước ngày ngày tháng.,7,13,0.5385,369.747,0.0859
V2_VI_EN_017,noisy_15db,vi,Sinh viên phải nộp bài trước 09:15 ngày ngày 15 tháng 9.,docs/progress_2026-09-24/evidence/audio_benchmark_v2/V2_VI_EN_017_noisy_15db.wav,4.304,15.0,141.647,b8dc5fb8c9c04021cfb1f8cd8bbbbb87367b52d577c220cb69a53aa37c2f7677,Chính duyên phải nộp bại trước ngày ngày thanh.,8,13,0.6154,342.967,0.0797
V2_VI_EN_018,clean,vi,Hóa đơn 12 có tổng giá trị là 350.75 đô la.,docs/progress_2026-09-24/evidence/audio_benchmark_v2/V2_VI_EN_018_clean.wav,2.848,,201.208,4bacb85785c03c6d8738c673573a8bd6e1097e0162f8a57b75b6bf3c56160f63,Quá đơn giản của tổng giá trị là đô la.,5,12,0.4167,405.342,0.1423
V2_VI_EN_018,noisy_15db,vi,Hóa đơn 12 có tổng giá trị là 350.75 đô la.,docs/progress_2026-09-24/evidence/audio_benchmark_v2/V2_VI_EN_018_noisy_15db.wav,2.848,15.0,201.208,5782b1a8a9bc3a3b202d25b8ff2dc861f88ed252a4d064b5ce624b6969faea40,Quá đơn giản có tổng giá trì là đô la,5,12,0.4167,480.333,0.1687
V2_VI_EN_019,clean,vi,"Nếu mất kết nối, ứng dụng sẽ thử lại sau 17 giây.",docs/progress_2026-09-24/evidence/audio_benchmark_v2/V2_VI_EN_019_clean.wav,3.968,,75.527,208f874f98397a6d3829c816b2fa74bcb73633d962bfc8de1be188c81c91c1be,"Nếu mất kích nối ứng dụng, sẽ thử lại sau dây.",3,12,0.25,380.411,0.0959
V2_VI_EN_019,noisy_15db,vi,"Nếu mất kết nối, ứng dụng sẽ thử lại sau 17 giây.",docs/progress_2026-09-24/evidence/audio_benchmark_v2/V2_VI_EN_019_noisy_15db.wav,3.968,15.0,75.527,777a92cd3c371896cc0bed67ff797afd0b30adc2e6801fae508ca3daeb72bab0,Nếu mất kết nối ứng dùng sẽ thử lại sau chay.,3,12,0.25,370.284,0.0933
V2_VI_EN_020,clean,vi,Bản dịch phải giữ nguyên tên An và mã WS-410.,docs/progress_2026-09-24/evidence/audio_benchmark_v2/V2_VI_EN_020_clean.wav,3.936,,147.639,ec0ca33dd83d98ea15dbaf6cfae70b2cfaaa336987ade714a0bf10dcd5ee5494,Tạng dựng phải giữ nguyên tinh an. Rạ Mà Sì.,7,11,0.6364,391.011,0.0993
V2_VI_EN_020,noisy_15db,vi,Bản dịch phải giữ nguyên tên An và mã WS-410.,docs/progress_2026-09-24/evidence/audio_benchmark_v2/V2_VI_EN_020_noisy_15db.wav,3.936,15.0,147.639,e33df7b3314735ed90c54f8aad9027ff8e168c6bfdd8acbeb9a0a06526bad9a8,Tàn dựng phải giữ nguyên tân an ra machine.,7,11,0.6364,329.166,0.0836
V2_VI_EN_021,clean,vi,Đơn hàng 25 sẽ được giao đến Đà Nẵng vào thứ Sáu.,docs/progress_2026-09-24/evidence/audio_benchmark_v2/V2_VI_EN_021_clean.wav,4.48,,167.634,d56af76f5d5657ee0be8d234f635bf04fdba30d2e00d1aaaeb0045c21d2a80cb,Đường hàng sẽ được giao đến đà nắng vào thứ 6.,4,12,0.3333,307.585,0.0687
V2_VI_EN_021,noisy_15db,vi,Đơn hàng 25 sẽ được giao đến Đà Nẵng vào thứ Sáu.,docs/progress_2026-09-24/evidence/audio_benchmark_v2/V2_VI_EN_021_noisy_15db.wav,4.48,15.0,167.634,7ff487c7d783393ad9dbb26bc17a0ff8f93d5ef2a013f8e7cf2975f199f4e78d,đường hàng sẽ được giao đến Đà Nẵng vào thứ 6.,3,12,0.25,482.772,0.1078
V2_VI_EN_022,clean,vi,Cuộc họp kỹ thuật bắt đầu lúc 08:00 tại phòng D410.,docs/progress_2026-09-24/evidence/audio_benchmark_v2/V2_VI_EN_022_clean.wav,3.44,,142.969,6c2ee54c5f9d689e8c156e922dcb701ff39c9cbd8d4a687990ec6cd85185a28b,cuộc học kỹ thuật bắt đầu lúc tại phong.,5,12,0.4167,509.517,0.1481
V2_VI_EN_022,noisy_15db,vi,Cuộc họp kỹ thuật bắt đầu lúc 08:00 tại phòng D410.,docs/progress_2026-09-24/evidence/audio_benchmark_v2/V2_VI_EN_022_noisy_15db.wav,3.44,15.0,142.969,1d1d4c83ef6c88b8dbfc7a999430af4c202d9a04f653d1fe7466e3508db321fc,cuộc học kỹ thuật bắt đầu lúc tại phòng.,4,12,0.3333,361.57,0.1051
V2_VI_EN_023,clean,vi,Vui lòng sao lưu máy chủ trước khi cập nhật hệ thống.,docs/progress_2026-09-24/evidence/audio_benchmark_v2/V2_VI_EN_023_clean.wav,3.968,,73.025,55fd7a25eca831f482849ecbaec201bb739dd3638dd303b336ea4f91df0eb48b,Vui lòng sau lưu máy chủ trước khi cập Nhật Hệ Thống.,1,12,0.0833,533.763,0.1345
V2_VI_EN_023,noisy_15db,vi,Vui lòng sao lưu máy chủ trước khi cập nhật hệ thống.,docs/progress_2026-09-24/evidence/audio_benchmark_v2/V2_VI_EN_023_noisy_15db.wav,3.968,15.0,73.025,bd867da6436afc0df00d9d52d2bff6414fdb6dbd59248d96cbb10de3c11b1484,Vui lòng sau luôn máy chủ trước khi cập nhật hệ thống.,2,12,0.1667,380.61,0.0959
V2_VI_EN_024,clean,vi,Tài khoản Minh bị khóa sau 56 lần đăng nhập sai.,docs/progress_2026-09-24/evidence/audio_benchmark_v2/V2_VI_EN_024_clean.wav,4.0,,128.301,f8513feaea5bdfa26a1328e61a11237734c1905a3d6eb544ffa4ffe158f49c3d,Tại khoảng Minh bị khoa sau lần tăng nhập sai.,5,11,0.4545,292.027,0.073
V2_VI_EN_024,noisy_15db,vi,Tài khoản Minh bị khóa sau 56 lần đăng nhập sai.,docs/progress_2026-09-24/evidence/audio_benchmark_v2/V2_VI_EN_024_noisy_15db.wav,4.0,15.0,128.301,4c8f0550bf6a5544089aa995707f448f00ac778812377bc72d15b5b12ddad705,tại khoảng Minh bị khoa sau lần trăng nhập sai.,5,11,0.4545,343.697,0.0859
V2_VI_EN_025,clean,vi,Chuyến bay đến Hải Phòng khởi hành lúc 13:45 vào thứ Năm.,docs/progress_2026-09-24/evidence/audio_benchmark_v2/V2_VI_EN_025_clean.wav,3.984,,113.943,6b93fdf2b9f80f2bb09ad2425c67896cfde3990abe83eb5457491a5216cdb372,Chuyến bay đến hải phòng Khởi Hành lúc vào thư năm.,3,13,0.2308,340.106,0.0854
V2_VI_EN_025,noisy_15db,vi,Chuyến bay đến Hải Phòng khởi hành lúc 13:45 vào thứ Năm.,docs/progress_2026-09-24/evidence/audio_benchmark_v2/V2_VI_EN_025_noisy_15db.wav,3.984,15.0,113.943,a8528a432c8be418bb988cf8c24b0fa0adc2e4a4cbd28684490a1ce53ba41329,Chuyến bay đến Hải Phòng Khởi Hành lúc vào thứ năm.,2,13,0.1538,315.212,0.0791
V2_EN_VI_001,clean,en,Package QA-204 will arrive in Đà Nẵng on thứ Tư.,docs/progress_2026-09-24/evidence/audio_benchmark_v2/V2_EN_VI_001_clean.wav,3.248,,140.46,dcbe6fa1694e7898623299dbf2af183d4f5a4e36fda21d9c8d3ca1db9966079a,"I kid you, pub food will arrive in an anthed.",10,11,0.9091,254.945,0.0785
V2_EN_VI_001,noisy_15db,en,Package QA-204 will arrive in Đà Nẵng on thứ Tư.,docs/progress_2026-09-24/evidence/audio_benchmark_v2/V2_EN_VI_001_noisy_15db.wav,3.248,15.0,140.46,1d4de5860be6894e2fac3db76be328af005be81806d3b08c6caf6d447f2c869c,"I kid you, pal, the flood will arrive in the noon.",11,11,1.0,283.233,0.0872
V2_EN_VI_002,clean,en,The technical meeting starts at 15:00 in room D410.,docs/progress_2026-09-24/evidence/audio_benchmark_v2/V2_EN_VI_002_clean.wav,3.984,,193.762,5eb7f32118e0f2a4183390b7ea7aca127814a3fc38c4a46e0f46cd044c9125eb,the technical meeting starts at Vafahit in Roomed Broad.,4,10,0.4,254.969,0.064
V2_EN_VI_002,noisy_15db,en,The technical meeting starts at 15:00 in room D410.,docs/progress_2026-09-24/evidence/audio_benchmark_v2/V2_EN_VI_002_noisy_15db.wav,3.984,15.0,193.762,09c17a2f6de459ff96d5845bd73161000bce2aef41173cd0a464ba1e9891fbe2,the technical meeting starts at Vodve in Roondbrog.,4,10,0.4,265.823,0.0667
V2_EN_VI_003,clean,en,Please restart the server after installing the update.,docs/progress_2026-09-24/evidence/audio_benchmark_v2/V2_EN_VI_003_clean.wav,3.664,,206.56,eb7d4f5c943c59e8e2ee6bbd416f07fb1210ccc0bf041c351655d4289f81a130,Please restart the server after installing the update.,0,8,0.0,195.886,0.0535
V2_EN_VI_003,noisy_15db,en,Please restart the server after installing the update.,docs/progress_2026-09-24/evidence/audio_benchmark_v2/V2_EN_VI_003_noisy_15db.wav,3.664,15.0,206.56,1dbd676e74fd0e993bd936db837565ab5a475de4a2754cd8a3e1353c3c505e36,Please restart the server after installing the update.,0,8,0.0,179.586,0.049
V2_EN_VI_004,clean,en,User Minh must change the password within 8 days.,docs/progress_2026-09-24/evidence/audio_benchmark_v2/V2_EN_VI_004_clean.wav,3.424,,214.842,d84ae96d9a796941cf2ffabd46dc5eeaaa0820bc6a1d7808795bcaf94d378999,Thus a mind must change the password within days.,4,9,0.4444,244.769,0.0715
V2_EN_VI_004,noisy_15db,en,User Minh must change the password within 8 days.,docs/progress_2026-09-24/evidence/audio_benchmark_v2/V2_EN_VI_004_noisy_15db.wav,3.424,15.0,214.842,3fc005c7beb7baa884b2926e4b543dab42f03ce6a489e677b2ce4808991cb67d,The Zermain must change the password within days.,3,9,0.3333,225.459,0.0658
V2_EN_VI_005,clean,en,The train to Hải Phòng leaves at 09:15 on thứ Ba.,docs/progress_2026-09-24/evidence/audio_benchmark_v2/V2_EN_VI_005_clean.wav,3.104,,189.941,4b1107e498f52b199dfd895081a665e8be687d263f2f566c5cbd11a48364016f,The train to Haifan leaves at Tharbzons Bay.,7,12,0.5833,317.155,0.1022
V2_EN_VI_005,noisy_15db,en,The train to Hải Phòng leaves at 09:15 on thứ Ba.,docs/progress_2026-09-24/evidence/audio_benchmark_v2/V2_EN_VI_005_noisy_15db.wav,3.104,15.0,189.941,11e03a7096778dc1bc0a18f65ec67aed254e0b3285010e83d4f81cd95ecccae5,The train to Hyphen leaves at Tarbonne Bay.,7,12,0.5833,242.802,0.0782
V2_EN_VI_006,clean,en,Take 17 tablets with water after breakfast.,docs/progress_2026-09-24/evidence/audio_benchmark_v2/V2_EN_VI_006_clean.wav,3.456,,178.956,393f3ee5f1648747d40f665ed915ecbde839c234ab95aefb091358f9ecc456d2,Take the tablets with water after break test.,3,7,0.4286,201.683,0.0584
V2_EN_VI_006,noisy_15db,en,Take 17 tablets with water after breakfast.,docs/progress_2026-09-24/evidence/audio_benchmark_v2/V2_EN_VI_006_noisy_15db.wav,3.456,15.0,178.956,f49e58f60acb38a4447307edbfe7054e202eba5472280a616893dc98f5844f21,Take the tablets with water after break test.,3,7,0.4286,225.124,0.0651
V2_EN_VI_007,clean,en,The final exam is scheduled for 13:45 on thứ Sáu.,docs/progress_2026-09-24/evidence/audio_benchmark_v2/V2_EN_VI_007_clean.wav,3.52,,117.797,4d67e80d675cfc35f1f690217547ba2707f62cd1e0325a4331b610cda8600170,the final exam is scheduled for provove on serve.,4,11,0.3636,230.684,0.0655
V2_EN_VI_007,noisy_15db,en,The final exam is scheduled for 13:45 on thứ Sáu.,docs/progress_2026-09-24/evidence/audio_benchmark_v2/V2_EN_VI_007_noisy_15db.wav,3.52,15.0,117.797,24f06384c0f5dfdfe77fd318da0416d33875715ffd46595c4f52948e5133a9b3,the final exam is scheduled for Pavar Bonceau.,5,11,0.4545,219.812,0.0624
V2_EN_VI_008,clean,en,Invoice 25 has an outstanding balance of 350.75 dollars.,docs/progress_2026-09-24/evidence/audio_benchmark_v2/V2_EN_VI_008_clean.wav,3.824,,210.729,ed0fbda29f01384956769269ce87a279286069bc20cca0ba352422367fb7dca2,InvoiceF has an outstanding balance of the five dollars.,4,10,0.4,258.572,0.0676
V2_EN_VI_008,noisy_15db,en,Invoice 25 has an outstanding balance of 350.75 dollars.,docs/progress_2026-09-24/evidence/audio_benchmark_v2/V2_EN_VI_008_noisy_15db.wav,3.824,15.0,210.729,14c97e5741cfe9ce3dc9aea90fa781071c16fa0b4597f27649d62cc43b5296ac,Invoice has an outstanding balance of the $1.,4,10,0.4,233.015,0.0609
V2_EN_VI_009,clean,en,The application will reconnect automatically after 30 seconds.,docs/progress_2026-09-24/evidence/audio_benchmark_v2/V2_EN_VI_009_clean.wav,4.32,,142.705,df05dcb2c32f05836a134cb997de5c49c5ad3013d834c8a63d7b297195fa64b4,The application will reconnect automatically after the seconds.,1,8,0.125,191.581,0.0443
V2_EN_VI_009,noisy_15db,en,The application will reconnect automatically after 30 seconds.,docs/progress_2026-09-24/evidence/audio_benchmark_v2/V2_EN_VI_009_noisy_15db.wav,4.32,15.0,142.705,f7e2616e711c3919561d9dbc43c55746930fcafd342cdc346318e28c09c07670,The application will reconnect automatically after the seconds.,1,8,0.125,221.23,0.0512
V2_EN_VI_010,clean,en,Keep the name An and reference code WS-410 unchanged.,docs/progress_2026-09-24/evidence/audio_benchmark_v2/V2_EN_VI_010_clean.wav,4.72,,172.194,527f882c6c6e0d5a68bded73ea38910235abcdd28e343721727a88eb40090f8c,Heap the name and reference code was aware of them unchanged.,6,10,0.6,248.457,0.0526
V2_EN_VI_010,noisy_15db,en,Keep the name An and reference code WS-410 unchanged.,docs/progress_2026-09-24/evidence/audio_benchmark_v2/V2_EN_VI_010_noisy_15db.wav,4.72,15.0,172.194,b1f32fc2ea7f9028d8a3ae23f8f67dcb1bdd49c9ba6bb2a362df8cf534d39e60,Heathen Mayman and reference code was a word of them unchanged,9,10,0.9,286.514,0.0607
V2_EN_VI_011,clean,en,Package QA-204 will arrive in Đà Nẵng on thứ Năm.,docs/progress_2026-09-24/evidence/audio_benchmark_v2/V2_EN_VI_011_clean.wav,3.472,,156.899,d9ccdbf4a8e231215e00fd28636af7db496a7acaec58573748fe96cc42e3d574,I cage both to will arrive ending on thin,9,11,0.8182,228.123,0.0657
V2_EN_VI_011,noisy_15db,en,Package QA-204 will arrive in Đà Nẵng on thứ Năm.,docs/progress_2026-09-24/evidence/audio_benchmark_v2/V2_EN_VI_011_noisy_15db.wav,3.472,15.0,156.899,f666dc7691c1310c04abbffaf21303579a7132d116a97ebe1bfd8b4dde03c732,I cage old Pogl a riot bending on me.,10,11,0.9091,252.811,0.0728
V2_EN_VI_012,clean,en,The technical meeting starts at 10:30 in room D410.,docs/progress_2026-09-24/evidence/audio_benchmark_v2/V2_EN_VI_012_clean.wav,3.968,,98.153,cae2e0a12379ad547031b533af243be79f470de2517022d5ed00caeb156e9920,The technical meeting starts at Hanford in Roombrava.,4,10,0.4,279.401,0.0704
V2_EN_VI_012,noisy_15db,en,The technical meeting starts at 10:30 in room D410.,docs/progress_2026-09-24/evidence/audio_benchmark_v2/V2_EN_VI_012_noisy_15db.wav,3.968,15.0,98.153,3143f77f6e35ff8a2c2564321718f075d2697e83cd57439c94e50c6707f6327f,"The technical meeting starts at Hanpegin Room, Berla.",4,10,0.4,237.415,0.0598
V2_EN_VI_013,clean,en,Please restart the server after installing the update.,docs/progress_2026-09-24/evidence/audio_benchmark_v2/V2_EN_VI_013_clean.wav,3.536,,196.122,126168d3afc97ed0dd32123333d81e7554cbcf17864abc327135ccd938a85679,Please restart the server after installing the update.,0,8,0.0,242.078,0.0685
V2_EN_VI_013,noisy_15db,en,Please restart the server after installing the update.,docs/progress_2026-09-24/evidence/audio_benchmark_v2/V2_EN_VI_013_noisy_15db.wav,3.536,15.0,196.122,2a17ef2dd9dc25fc911b1afad1214bdd6de8bbd2e63ca1abbcda7c5e095c1dd5,Please restart the server after installing the update.,0,8,0.0,226.203,0.064
V2_EN_VI_014,clean,en,User Minh must change the password within 2 days.,docs/progress_2026-09-24/evidence/audio_benchmark_v2/V2_EN_VI_014_clean.wav,3.392,,190.215,4d2dd275ae8d20f2c020191ad1432e7bd71928009d3c60bd70d54359669963bd,whose minds must change the password within days.,3,9,0.3333,184.944,0.0545
V2_EN_VI_014,noisy_15db,en,User Minh must change the password within 2 days.,docs/progress_2026-09-24/evidence/audio_benchmark_v2/V2_EN_VI_014_noisy_15db.wav,3.392,15.0,190.215,a5b7b39b5f97ebd695cb6d3671a4b045c387d1589148f59e6be505f3a669dd40,whose minds must change the password within days.,3,9,0.3333,195.465,0.0576
V2_EN_VI_015,clean,en,The train to Hải Phòng leaves at 17:20 on thứ Tư.,docs/progress_2026-09-24/evidence/audio_benchmark_v2/V2_EN_VI_015_clean.wav,3.68,,164.874,e08e6079a1e98918f5dc5b66252c4dc9e688f336caaec956f766db58428275d7,The train to Haifen leaves at Wazont.,7,12,0.5833,244.828,0.0665
V2_EN_VI_015,noisy_15db,en,The train to Hải Phòng leaves at 17:20 on thứ Tư.,docs/progress_2026-09-24/evidence/audio_benchmark_v2/V2_EN_VI_015_noisy_15db.wav,3.68,15.0,164.874,f963cdde0712e88f84ba9ce1166702d8f15670a619d5829446b6a12b8dc9b97b,The train to Hyphen leaves at Våzong.,7,12,0.5833,231.019,0.0628
V2_EN_VI_016,clean,en,Take 5 tablets with water after breakfast.,docs/progress_2026-09-24/evidence/audio_benchmark_v2/V2_EN_VI_016_clean.wav,3.776,,166.602,d6b371edca2b3ce2415f0eb39532602d84e5c6bd113fefd2bf7d45de1023d12e,"Hags, tablets with water after breakfast.",2,7,0.2857,193.702,0.0513
V2_EN_VI_016,noisy_15db,en,Take 5 tablets with water after breakfast.,docs/progress_2026-09-24/evidence/audio_benchmark_v2/V2_EN_VI_016_noisy_15db.wav,3.776,15.0,166.602,139339434fa2fbbd81304d67d33df88c7bd20698f3bd9b3b3e2910da65733596,Peg's Tabots with Water After Breakfast.,3,7,0.4286,199.075,0.0527
V2_EN_VI_017,clean,en,The final exam is scheduled for 09:15 on ngày 15 tháng 9.,docs/progress_2026-09-24/evidence/audio_benchmark_v2/V2_EN_VI_017_clean.wav,3.728,,128.645,a9ea65a13fb36d2a10e4a6c4cf535dc4aae1f3d88c7091cbfbfd91404752f19e,The file exam is key-dualled for Thaddon Ngheek of then.,10,13,0.7692,330.036,0.0885
V2_EN_VI_017,noisy_15db,en,The final exam is scheduled for 09:15 on ngày 15 tháng 9.,docs/progress_2026-09-24/evidence/audio_benchmark_v2/V2_EN_VI_017_noisy_15db.wav,3.728,15.0,128.645,8769fb7fd3940f294c036841830e6c304e34154c4da6ca96c6034404792d05fb,The file exam is scheduled for Tadon Migeetab then.,8,13,0.6154,321.251,0.0862
V2_EN_VI_018,clean,en,Invoice 12 has an outstanding balance of 350.75 dollars.,docs/progress_2026-09-24/evidence/audio_benchmark_v2/V2_EN_VI_018_clean.wav,4.336,,183.635,e02f6e840ed49a0e9c09b960675060cc1521b2f346012634c9b4aac9a656082d,Invoice Plough has an outstanding balance of the fedolors.,4,10,0.4,275.875,0.0636
V2_EN_VI_018,noisy_15db,en,Invoice 12 has an outstanding balance of 350.75 dollars.,docs/progress_2026-09-24/evidence/audio_benchmark_v2/V2_EN_VI_018_noisy_15db.wav,4.336,15.0,183.635,7cbb179abcb58d2c11f88f47b0e0b0c502761e03918c80f911c3d7120d4d3453,Invoice Plough has an outstanding balance of the fedoras.,4,10,0.4,250.247,0.0577
V2_EN_VI_019,clean,en,The application will reconnect automatically after 17 seconds.,docs/progress_2026-09-24/evidence/audio_benchmark_v2/V2_EN_VI_019_clean.wav,4.192,,172.179,0c1343e146f48fca33b94e26c753ee87af4457457f2b2896963d3ab8b855e43b,The application will reconnect automatically after a seconds.,1,8,0.125,182.042,0.0434
V2_EN_VI_019,noisy_15db,en,The application will reconnect automatically after 17 seconds.,docs/progress_2026-09-24/evidence/audio_benchmark_v2/V2_EN_VI_019_noisy_15db.wav,4.192,15.0,172.179,4815cdc87c3218e5a6bdd2b1ca88ff48ef882d4f18f0033720c2f751ac303fc4,The application will reconnect automatically after a second.,2,8,0.25,205.186,0.0489
V2_EN_VI_020,clean,en,Keep the name An and reference code WS-410 unchanged.,docs/progress_2026-09-24/evidence/audio_benchmark_v2/V2_EN_VI_020_clean.wav,4.608,,148.698,01df47645e8ef063dbec8c7b0be40286fd698bcd031b887d39b2e1b0f22cd7db,keep the name and in reference code was wrote and unchanged.,5,10,0.5,231.639,0.0503
V2_EN_VI_020,noisy_15db,en,Keep the name An and reference code WS-410 unchanged.,docs/progress_2026-09-24/evidence/audio_benchmark_v2/V2_EN_VI_020_noisy_15db.wav,4.608,15.0,148.698,3f5f428e5cff7173b48ea1c6603a715ee868847f416d9496d0c1bdc74080ad46,Keep the name and then reference code was brood and unchanged.,5,10,0.5,244.166,0.053
V2_EN_VI_021,clean,en,Package QA-204 will arrive in Đà Nẵng on thứ Sáu.,docs/progress_2026-09-24/evidence/audio_benchmark_v2/V2_EN_VI_021_clean.wav,3.12,,161.773,d301230780d271711a2d337b8732f117e5f60b5990e3ba908971ffc1625e8ac1,Package pulver will arrive in an answer.,7,11,0.6364,185.593,0.0595
V2_EN_VI_021,noisy_15db,en,Package QA-204 will arrive in Đà Nẵng on thứ Sáu.,docs/progress_2026-09-24/evidence/audio_benchmark_v2/V2_EN_VI_021_noisy_15db.wav,3.12,15.0,161.773,c1a26643f290b92f70bcaea4ff5559c5a7e5af1a422b8fbe2db763c45b5ba914,package called for will arrive in the nuns so,7,11,0.6364,230.398,0.0738
V2_EN_VI_022,clean,en,The technical meeting starts at 08:00 in room D410.,docs/progress_2026-09-24/evidence/audio_benchmark_v2/V2_EN_VI_022_clean.wav,4.304,,98.546,ea17ecd86cbf624b8a0c3bc7b8685631d06c598cc6d360758b884af33262dc1e,"The technical meaning starts at a thousand in room, derl.",4,10,0.4,253.055,0.0588
V2_EN_VI_022,noisy_15db,en,The technical meeting starts at 08:00 in room D410.,docs/progress_2026-09-24/evidence/audio_benchmark_v2/V2_EN_VI_022_noisy_15db.wav,4.304,15.0,98.546,9feb02ee72462b0d24afd8d3731e21bd7eba4c45d1a3e68074c5a3f795cbc1b3,"The technical meaning starts at the thousand in rooms, there.",5,10,0.5,230.089,0.0535
V2_EN_VI_023,clean,en,Please restart the server after installing the update.,docs/progress_2026-09-24/evidence/audio_benchmark_v2/V2_EN_VI_023_clean.wav,3.552,,152.551,825776fa70238cfb99d28dfe7dfc73784e18082be44c3e4bfcb6d40542b27f46,Please restart the server after installing the update.,0,8,0.0,235.505,0.0663
V2_EN_VI_023,noisy_15db,en,Please restart the server after installing the update.,docs/progress_2026-09-24/evidence/audio_benchmark_v2/V2_EN_VI_023_noisy_15db.wav,3.552,15.0,152.551,16f9e0c288ea4594bb73b2e8c7ccb9a6367fe9b3bbec9bd8f8ca86837aeb743b,Please restart the server after installing the update.,0,8,0.0,206.493,0.0581
V2_EN_VI_024,clean,en,User Minh must change the password within 56 days.,docs/progress_2026-09-24/evidence/audio_benchmark_v2/V2_EN_VI_024_clean.wav,3.936,,143.691,a09ffc9cb0b30a6f2b959019e5df05248b01020eb64255e14c26ac934ad79ef5,Losermain must change the password within his days.,3,9,0.3333,287.97,0.0732
V2_EN_VI_024,noisy_15db,en,User Minh must change the password within 56 days.,docs/progress_2026-09-24/evidence/audio_benchmark_v2/V2_EN_VI_024_noisy_15db.wav,3.936,15.0,143.691,f841ae492486765adde2e0e1c9cc90ed041ab8dc8aef6b1c285d2ce6f2978265,whose mind must change the password within his days.,3,9,0.3333,194.799,0.0495
V2_EN_VI_025,clean,en,The train to Hải Phòng leaves at 13:45 on thứ Năm.,docs/progress_2026-09-24/evidence/audio_benchmark_v2/V2_EN_VI_025_clean.wav,3.472,,94.914,15fdc320f6f7c639ef60fc0745a1807758fc96bc5f2ea4035ef716f666c7f683,The train to Haifeng leaves at airport Wanth Nhim.,7,12,0.5833,252.698,0.0728
V2_EN_VI_025,noisy_15db,en,The train to Hải Phòng leaves at 13:45 on thứ Năm.,docs/progress_2026-09-24/evidence/audio_benchmark_v2/V2_EN_VI_025_noisy_15db.wav,3.472,15.0,94.914,859c1f66d1400b99dc9b14606056ee274f2cdaa4fa544f2edd2035c749ffaeb0,The train to Haifeng leaves at Airborne Kwan Nguyen.,7,12,0.5833,265.95,0.0766
